algorithm,run_label,reward_mode,seed,config_hash,episode,steps,reward,mean_return_100,epsilon,alpha,energy_left,outcome,success,goal_success,energy_exhausted,max_steps_reached,wall_collisions,penalty_entries,door_blocked,door_crossings,key_pickups,slips,mean_abs_td_error,max_abs_td_error,mean_active_traces,max_active_traces,cfg_gamma,cfg_energy_bins,cfg_epsilon_schedule,cfg_replacing_traces
sarsa_lambda,sparse_seed2,sparse,2,3d29f3ca91,1,225,-11.250000000000025,-11.250000000000025,0.998,0.1,0,out_of_energy,0,0,1,0,111,28,0,0,0,34,0.04873183440471228,0.08517042620037352,62.79555555555555,125.0,0.99,8,exponential,True
sarsa_lambda,sparse_seed2,sparse,2,3d29f3ca91,2,225,-11.250000000000025,-11.250000000000025,0.996004,0.1,0,out_of_energy,0,0,1,0,124,12,0,0,0,47,0.04842146114136756,0.08352423783478313,62.43555555555555,115.0,0.99,8,exponential,True
sarsa_lambda,sparse_seed2,sparse,2,3d29f3ca91,3,225,-11.250000000000025,-11.250000000000023,0.994011992,0.1,0,out_of_energy,0,0,1,0,120,18,0,0,0,43,0.048392838975651914,0.09920423801690764,62.471111111111114,120.0,0.99,8,exponential,True
sarsa_lambda,sparse_seed2,sparse,2,3d29f3ca91,4,225,-11.250000000000025,-11.250000000000025,0.992023968016,0.1,0,out_of_energy,0,0,1,0,103,17,0,0,0,45,0.048494926552444674,0.09230032850802321,69.17777777777778,136.0,0.99,8,exponential,True
sarsa_lambda,sparse_seed2,sparse,2,3d29f3ca91,5,225,-11.250000000000025,-11.250000000000025,0.990039920079968,0.1,0,out_of_energy,0,0,1,0,113,6,0,0,0,51,0.0492032279049372,0.1332828143066538,67.78666666666666,135.0,0.99,8,exponential,True
sarsa_lambda,sparse_seed2,sparse,2,3d29f3ca91,6,225,-11.250000000000025,-11.250000000000027,0.9880598402398081,0.1,0,out_of_energy,0,0,1,0,109,12,0,0,0,44,0.048765608805263254,0.11229338088459423,64.78222222222222,137.0,0.99,8,exponential,True
sarsa_lambda,sparse_seed2,sparse,2,3d29f3ca91,7,225,-11.250000000000025,-11.250000000000027,0.9860837205593285,0.1,0,out_of_energy,0,0,1,0,104,41,0,0,0,46,0.04923104534329773,0.12940477936768005,76.95555555555555,140.0,0.99,8,exponential,True
sarsa_lambda,sparse_seed2,sparse,2,3d29f3ca91,8,225,-11.250000000000025,-11.250000000000025,0.9841115531182099,0.1,0,out_of_energy,0,0,1,0,107,37,0,0,0,32,0.0490477251881709,0.12217214897621503,66.23555555555555,127.0,0.99,8,exponential,True
sarsa_lambda,sparse_seed2,sparse,2,3d29f3ca91,9,225,-11.250000000000025,-11.250000000000025,0.9821433300119734,0.1,0,out_of_energy,0,0,1,0,94,5,0,0,0,45,0.04859159260148366,0.11454359461609083,81.91111111111111,157.0,0.99,8,exponential,True
sarsa_lambda,sparse_seed2,sparse,2,3d29f3ca91,10,225,-11.250000000000025,-11.250000000000025,0.9801790433519495,0.1,0,out_of_energy,0,0,1,0,116,2,0,0,0,41,0.04872904937591084,0.12252384431213953,63.37777777777778,121.0,0.99,8,exponential,True
sarsa_lambda,sparse_seed2,sparse,2,3d29f3ca91,11,225,-11.250000000000025,-11.250000000000027,0.9782186852652456,0.1,0,out_of_energy,0,0,1,0,101,28,0,0,0,47,0.049460995887895036,0.14613133306114556,67.31111111111112,135.0,0.99,8,exponential,True
sarsa_lambda,sparse_seed2,sparse,2,3d29f3ca91,12,225,-11.250000000000025,-11.250000000000027,0.976262247894715,0.1,0,out_of_energy,0,0,1,0,94,5,0,0,0,50,0.04836388866228112,0.08446162517081325,77.71111111111111,157.0,0.99,8,exponential,True
sarsa_lambda,sparse_seed2,sparse,2,3d29f3ca91,13,225,-11.250000000000025,-11.250000000000027,0.9743097233989256,0.1,0,out_of_energy,0,0,1,0,110,21,0,0,0,38,0.04842962763378311,0.11293594476826407,66.94666666666667,129.0,0.99,8,exponential,True
sarsa_lambda,sparse_seed2,sparse,2,3d29f3ca91,14,225,-11.250000000000025,-11.250000000000027,0.9723611039521278,0.1,0,out_of_energy,0,0,1,0,102,13,0,0,0,40,0.0480360111623543,0.09494533603262266,70.03555555555556,133.0,0.99,8,exponential,True
sarsa_lambda,sparse_seed2,sparse,2,3d29f3ca91,15,225,-11.250000000000025,-11.250000000000027,0.9704163817442236,0.1,0,out_of_energy,0,0,1,0,98,16,0,0,0,45,0.048793558515730744,0.13211133078556478,69.77333333333333,140.0,0.99,8,exponential,True
sarsa_lambda,sparse_seed2,sparse,2,3d29f3ca91,16,225,-11.250000000000025,-11.250000000000025,0.9684755489807352,0.1,0,out_of_energy,0,0,1,0,97,26,0,0,0,46,0.04942090914780669,0.1358474101939518,72.18666666666667,133.0,0.99,8,exponential,True
sarsa_lambda,sparse_seed2,sparse,2,3d29f3ca91,17,225,-11.250000000000025,-11.250000000000025,0.9665385978827737,0.1,0,out_of_energy,0,0,1,0,127,27,0,0,0,46,0.05036485047773492,0.20218113951413624,58.666666666666664,119.0,0.99,8,exponential,True
sarsa_lambda,sparse_seed2,sparse,2,3d29f3ca91,18,225,-11.250000000000025,-11.250000000000025,0.9646055206870082,0.1,0,out_of_energy,0,0,1,0,113,22,0,0,0,51,0.04996316767741956,0.14146069021481075,66.27555555555556,127.0,0.99,8,exponential,True
sarsa_lambda,sparse_seed2,sparse,2,3d29f3ca91,19,225,-11.250000000000025,-11.250000000000025,0.9626763096456342,0.1,0,out_of_energy,0,0,1,0,98,10,0,0,0,37,0.048149972975751326,0.11581336752745158,72.25777777777778,140.0,0.99,8,exponential,True
sarsa_lambda,sparse_seed2,sparse,2,3d29f3ca91,20,225,-11.250000000000025,-11.250000000000025,0.9607509570263429,0.1,0,out_of_energy,0,0,1,0,87,21,0,0,0,33,0.05070312499365648,0.13224595442724968,69.28888888888889,131.0,0.99,8,exponential,True
sarsa_lambda,sparse_seed2,sparse,2,3d29f3ca91,21,225,-11.250000000000025,-11.250000000000025,0.9588294551122902,0.1,0,out_of_energy,0,0,1,0,131,8,0,0,0,46,0.05025154509749828,0.22343038007503258,46.422222222222224,95.0,0.99,8,exponential,True
sarsa_lambda,sparse_seed2,sparse,2,3d29f3ca91,22,225,-11.250000000000025,-11.250000000000027,0.9569117962020657,0.1,0,out_of_energy,0,0,1,0,118,15,0,0,0,48,0.05296166789685344,0.21249282382458862,58.81333333333333,128.0,0.99,8,exponential,True
sarsa_lambda,sparse_seed2,sparse,2,3d29f3ca91,23,225,-11.250000000000025,-11.250000000000025,0.9549979726096616,0.1,0,out_of_energy,0,0,1,0,121,18,0,0,0,43,0.05003448140599117,0.16712607549323164,61.2,129.0,0.99,8,exponential,True
sarsa_lambda,sparse_seed2,sparse,2,3d29f3ca91,24,225,-11.250000000000025,-11.250000000000023,0.9530879766644422,0.1,0,out_of_energy,0,0,1,0,99,3,0,0,0,43,0.048222670235564535,0.12415213309699963,60.81777777777778,123.0,0.99,8,exponential,True
sarsa_lambda,sparse_seed2,sparse,2,3d29f3ca91,25,225,-11.250000000000025,-11.250000000000023,0.9511818007111134,0.1,0,out_of_energy,0,0,1,0,112,35,0,0,0,32,0.050185791598162346,0.1397863077402623,67.74222222222222,122.0,0.99,8,exponential,True
sarsa_lambda,sparse_seed2,sparse,2,3d29f3ca91,26,225,-11.250000000000025,-11.250000000000021,0.9492794371096911,0.1,0,out_of_energy,0,0,1,0,110,14,0,0,0,59,0.0485938910731951,0.15193970982087174,74.7911111111111,147.0,0.99,8,exponential,True
sarsa_lambda,sparse_seed2,sparse,2,3d29f3ca91,27,225,-11.250000000000025,-11.250000000000021,0.9473808782354717,0.1,0,out_of_energy,0,0,1,0,96,24,0,0,0,45,0.051142680733195535,0.24961837044800567,51.65777777777778,111.0,0.99,8,exponential,True
sarsa_lambda,sparse_seed2,sparse,2,3d29f3ca91,28,225,-11.250000000000025,-11.25000000000002,0.9454861164790007,0.1,0,out_of_energy,0,0,1,0,102,11,0,0,0,43,0.05109287497531154,0.24595261910005914,61.14666666666667,130.0,0.99,8,exponential,True
sarsa_lambda,sparse_seed2,sparse,2,3d29f3ca91,29,225,-11.250000000000025,-11.25000000000002,0.9435951442460427,0.1,0,out_of_energy,0,0,1,0,104,2,0,0,0,54,0.051050849352749485,0.21221986314004815,60.964444444444446,119.0,0.99,8,exponential,True
sarsa_lambda,sparse_seed2,sparse,2,3d29f3ca91,30,225,-11.250000000000025,-11.25000000000002,0.9417079539575507,0.1,0,out_of_energy,0,0,1,0,102,10,0,0,0,36,0.048136893076975364,0.11791620578804354,73.20444444444445,139.0,0.99,8,exponential,True
sarsa_lambda,sparse_seed2,sparse,2,3d29f3ca91,31,225,-11.250000000000025,-11.250000000000018,0.9398245380496356,0.1,0,out_of_energy,0,0,1,0,101,17,0,0,0,54,0.04898301394781788,0.15109552223830697,68.16,138.0,0.99,8,exponential,True
sarsa_lambda,sparse_seed2,sparse,2,3d29f3ca91,32,225,-11.250000000000025,-11.250000000000025,0.9379448889735363,0.1,0,out_of_energy,0,0,1,0,106,12,0,0,0,46,0.05089581872806496,0.317979380099016,61.26222222222222,125.0,0.99,8,exponential,True
sarsa_lambda,sparse_seed2,sparse,2,3d29f3ca91,33,225,-11.250000000000025,-11.250000000000025,0.9360689991955893,0.1,0,out_of_energy,0,0,1,0,112,12,0,0,0,52,0.05123826956937751,0.14752648847411878,65.55111111111111,125.0,0.99,8,exponential,True
sarsa_lambda,sparse_seed2,sparse,2,3d29f3ca91,34,225,-11.250000000000025,-11.250000000000023,0.9341968611971981,0.1,0,out_of_energy,0,0,1,0,98,1,0,0,0,48,0.04791229729557909,0.1312131434646462,71.49777777777778,140.0,0.99,8,exponential,True
sarsa_lambda,sparse_seed2,sparse,2,3d29f3ca91,35,225,-11.250000000000025,-11.250000000000023,0.9323284674748037,0.1,0,out_of_energy,0,0,1,0,130,0,0,0,0,59,0.053243289499174125,0.2769920423868982,52.217777777777776,111.0,0.99,8,exponential,True
sarsa_lambda,sparse_seed2,sparse,2,3d29f3ca91,36,225,-11.250000000000025,-11.250000000000021,0.930463810539854,0.1,0,out_of_energy,0,0,1,0,100,25,0,0,0,43,0.05130099769350429,0.2658147713397249,66.42666666666666,134.0,0.99,8,exponential,True
sarsa_lambda,sparse_seed2,sparse,2,3d29f3ca91,37,225,-11.250000000000025,-11.250000000000021,0.9286028829187744,0.1,0,out_of_energy,0,0,1,0,120,7,0,0,0,44,0.04976707490470234,0.1838022596337669,61.80888888888889,134.0,0.99,8,exponential,True
sarsa_lambda,sparse_seed2,sparse,2,3d29f3ca91,38,225,-11.250000000000025,-11.250000000000021,0.9267456771529368,0.1,0,out_of_energy,0,0,1,0,108,8,0,0,0,36,0.049703827663357125,0.1931892992293333,69.2088888888889,134.0,0.99,8,exponential,True
sarsa_lambda,sparse_seed2,sparse,2,3d29f3ca91,39,225,-11.250000000000025,-11.25000000000002,0.9248921857986309,0.1,0,out_of_energy,0,0,1,0,115,8,0,0,0,56,0.0525636729013722,0.17315210437275336,59.96888888888889,118.0,0.99,8,exponential,True
sarsa_lambda,sparse_seed2,sparse,2,3d29f3ca91,40,225,-11.250000000000025,-11.250000000000025,0.9230424014270336,0.1,0,out_of_energy,0,0,1,0,105,11,0,0,0,32,0.052377076620897245,0.19933009258775483,71.30222222222223,148.0,0.99,8,exponential,True
sarsa_lambda,sparse_seed2,sparse,2,3d29f3ca91,41,225,-11.250000000000025,-11.250000000000025,0.9211963166241796,0.1,0,out_of_energy,0,0,1,0,123,23,0,0,0,46,0.0497988927256367,0.14884275115828882,56.49777777777778,114.0,0.99,8,exponential,True
sarsa_lambda,sparse_seed2,sparse,2,3d29f3ca91,42,225,-11.250000000000025,-11.250000000000025,0.9193539239909312,0.1,0,out_of_energy,0,0,1,0,100,14,0,0,0,46,0.05094558514010007,0.12557594894584756,68.81333333333333,137.0,0.99,8,exponential,True
sarsa_lambda,sparse_seed2,sparse,2,3d29f3ca91,43,225,-11.250000000000025,-11.250000000000023,0.9175152161429493,0.1,0,out_of_energy,0,0,1,0,123,0,0,0,0,41,0.051809400825314926,0.2009377860703378,57.92,113.0,0.99,8,exponential,True
sarsa_lambda,sparse_seed2,sparse,2,3d29f3ca91,44,225,-11.250000000000025,-11.250000000000023,0.9156801857106633,0.1,0,out_of_energy,0,0,1,0,103,12,0,0,0,54,0.050998724372705764,0.15195469560581434,63.19555555555556,132.0,0.99,8,exponential,True
sarsa_lambda,sparse_seed2,sparse,2,3d29f3ca91,45,225,-11.250000000000025,-11.250000000000023,0.913848825339242,0.1,0,out_of_energy,0,0,1,0,111,16,0,0,0,40,0.05101376033052723,0.19384178735897467,68.11111111111111,128.0,0.99,8,exponential,True
sarsa_lambda,sparse_seed2,sparse,2,3d29f3ca91,46,225,-11.250000000000025,-11.250000000000023,0.9120211276885636,0.1,0,out_of_energy,0,0,1,0,99,26,0,0,0,51,0.05084913346149973,0.1716683946379573,76.96888888888888,150.0,0.99,8,exponential,True
sarsa_lambda,sparse_seed2,sparse,2,3d29f3ca91,47,225,-11.250000000000025,-11.250000000000021,0.9101970854331864,0.1,0,out_of_energy,0,0,1,0,103,40,0,0,0,33,0.04906780437241701,0.12727551920262506,72.46666666666667,136.0,0.99,8,exponential,True
sarsa_lambda,sparse_seed2,sparse,2,3d29f3ca91,48,225,-11.250000000000025,-11.250000000000027,0.9083766912623201,0.1,0,out_of_energy,0,0,1,0,108,20,0,0,0,36,0.05148957064899253,0.2079202948362964,69.91111111111111,137.0,0.99,8,exponential,True
sarsa_lambda,sparse_seed2,sparse,2,3d29f3ca91,49,225,-11.250000000000025,-11.250000000000025,0.9065599378797955,0.1,0,out_of_energy,0,0,1,0,121,5,0,0,0,43,0.04960263912770302,0.189369456679379,53.88444444444445,117.0,0.99,8,exponential,True
sarsa_lambda,sparse_seed2,sparse,2,3d29f3ca91,50,225,-11.250000000000025,-11.250000000000025,0.9047468180040359,0.1,0,out_of_energy,0,0,1,0,114,11,0,0,0,48,0.05141980521332162,0.16651775484248,66.86666666666666,125.0,0.99,8,exponential,True
sarsa_lambda,sparse_seed2,sparse,2,3d29f3ca91,51,225,-11.250000000000025,-11.250000000000025,0.9029373243680279,0.1,0,out_of_energy,0,0,1,0,109,6,0,0,0,39,0.05164433332285992,0.17158400493200157,68.35555555555555,135.0,0.99,8,exponential,True
sarsa_lambda,sparse_seed2,sparse,2,3d29f3ca91,52,225,-11.250000000000025,-11.250000000000025,0.9011314497192918,0.1,0,out_of_energy,0,0,1,0,119,10,0,0,0,38,0.048699330248045035,0.19388720242401455,65.53777777777778,132.0,0.99,8,exponential,True
sarsa_lambda,sparse_seed2,sparse,2,3d29f3ca91,53,225,-11.250000000000025,-11.250000000000023,0.8993291868198532,0.1,0,out_of_energy,0,0,1,0,97,12,0,0,0,44,0.050607687328563376,0.18515381580575346,83.17777777777778,160.0,0.99,8,exponential,True
sarsa_lambda,sparse_seed2,sparse,2,3d29f3ca91,54,225,-11.250000000000025,-11.250000000000023,0.8975305284462135,0.1,0,out_of_energy,0,0,1,0,105,18,0,0,0,40,0.050468367912656915,0.1523759642429126,56.69777777777778,125.0,0.99,8,exponential,True
sarsa_lambda,sparse_seed2,sparse,2,3d29f3ca91,55,225,-11.250000000000025,-11.250000000000023,0.8957354673893211,0.1,0,out_of_energy,0,0,1,0,120,0,0,0,0,46,0.05058712260166322,0.2493633970558198,53.90222222222222,104.0,0.99,8,exponential,True
sarsa_lambda,sparse_seed2,sparse,2,3d29f3ca91,56,225,-11.250000000000025,-11.250000000000027,0.8939439964545425,0.1,0,out_of_energy,0,0,1,0,104,2,6,0,0,61,0.051591217956426856,0.28504455613190843,62.96888888888889,122.0,0.99,8,exponential,True
sarsa_lambda,sparse_seed2,sparse,2,3d29f3ca91,57,225,-11.250000000000025,-11.250000000000027,0.8921561084616334,0.1,0,out_of_energy,0,0,1,0,116,3,0,0,0,52,0.050078305523296084,0.1601896957798552,61.40888888888889,125.0,0.99,8,exponential,True
sarsa_lambda,sparse_seed2,sparse,2,3d29f3ca91,58,225,-11.250000000000025,-11.250000000000025,0.8903717962447101,0.1,0,out_of_energy,0,0,1,0,104,26,0,0,0,49,0.05275073336964458,0.2502893036329207,72.63111111111111,141.0,0.99,8,exponential,True
sarsa_lambda,sparse_seed2,sparse,2,3d29f3ca91,59,225,-11.250000000000025,-11.250000000000025,0.8885910526522206,0.1,0,out_of_energy,0,0,1,0,97,12,0,0,0,50,0.04982770293373783,0.14676742305033275,68.27555555555556,130.0,0.99,8,exponential,True
sarsa_lambda,sparse_seed2,sparse,2,3d29f3ca91,60,225,-11.250000000000025,-11.250000000000025,0.8868138705469162,0.1,0,out_of_energy,0,0,1,0,108,5,0,0,0,44,0.05171195205720476,0.21584801867963954,66.69333333333333,126.0,0.99,8,exponential,True
sarsa_lambda,sparse_seed2,sparse,2,3d29f3ca91,61,225,-11.250000000000025,-11.250000000000025,0.8850402428058224,0.1,0,out_of_energy,0,0,1,0,123,6,0,0,0,50,0.05365830271790372,0.22614876573723203,63.04,122.0,0.99,8,exponential,True
sarsa_lambda,sparse_seed2,sparse,2,3d29f3ca91,62,225,-11.250000000000025,-11.250000000000023,0.8832701623202107,0.1,0,out_of_energy,0,0,1,0,113,6,0,0,0,48,0.04933567626270278,0.1536395563362959,69.48444444444445,134.0,0.99,8,exponential,True
sarsa_lambda,sparse_seed2,sparse,2,3d29f3ca91,63,225,-11.250000000000025,-11.250000000000023,0.8815036219955703,0.1,0,out_of_energy,0,0,1,0,101,21,0,0,0,46,0.05048312830180627,0.195719159804987,76.80444444444444,154.0,0.99,8,exponential,True
sarsa_lambda,sparse_seed2,sparse,2,3d29f3ca91,64,225,-11.250000000000025,-11.250000000000027,0.8797406147515792,0.1,0,out_of_energy,0,0,1,0,99,3,0,0,0,45,0.05397794288006024,0.21270330504147672,70.04,134.0,0.99,8,exponential,True
sarsa_lambda,sparse_seed2,sparse,2,3d29f3ca91,65,225,-11.250000000000025,-11.250000000000027,0.877981133522076,0.1,0,out_of_energy,0,0,1,0,113,4,0,0,0,45,0.04974245218425398,0.1542390674542684,72.01777777777778,135.0,0.99,8,exponential,True
sarsa_lambda,sparse_seed2,sparse,2,3d29f3ca91,66,225,-11.250000000000025,-11.250000000000027,0.8762251712550319,0.1,0,out_of_energy,0,0,1,0,96,24,0,0,0,50,0.0512806252653037,0.2800384594822595,77.00888888888889,153.0,0.99,8,exponential,True
sarsa_lambda,sparse_seed2,sparse,2,3d29f3ca91,67,225,-11.250000000000025,-11.250000000000025,0.8744727209125218,0.1,0,out_of_energy,0,0,1,0,106,17,0,0,0,36,0.05203246729387802,0.28120913347334636,60.00888888888889,119.0,0.99,8,exponential,True
sarsa_lambda,sparse_seed2,sparse,2,3d29f3ca91,68,225,-11.250000000000025,-11.250000000000025,0.8727237754706968,0.1,0,out_of_energy,0,0,1,0,118,1,0,0,0,43,0.051534716366826876,0.3236555936094189,62.56444444444445,127.0,0.99,8,exponential,True
sarsa_lambda,sparse_seed2,sparse,2,3d29f3ca91,69,225,-11.250000000000025,-11.250000000000025,0.8709783279197554,0.1,0,out_of_energy,0,0,1,0,110,8,0,0,0,43,0.0516604902537607,0.2104123173676602,67.43111111111111,126.0,0.99,8,exponential,True
sarsa_lambda,sparse_seed2,sparse,2,3d29f3ca91,70,225,-11.250000000000025,-11.250000000000025,0.8692363712639158,0.1,0,out_of_energy,0,0,1,0,109,18,0,0,0,42,0.05250574482762918,0.2738262781186593,57.44888888888889,117.0,0.99,8,exponential,True
sarsa_lambda,sparse_seed2,sparse,2,3d29f3ca91,71,225,-11.250000000000025,-11.250000000000025,0.867497898521388,0.1,0,out_of_energy,0,0,1,0,116,22,0,0,0,35,0.05177776329201314,0.14936647965563676,66.21777777777778,136.0,0.99,8,exponential,True
sarsa_lambda,sparse_seed2,sparse,2,3d29f3ca91,72,225,-11.250000000000025,-11.250000000000027,0.8657629027243453,0.1,0,out_of_energy,0,0,1,0,106,29,0,0,0,50,0.049932138588214485,0.15202332389070045,72.57777777777778,132.0,0.99,8,exponential,True
sarsa_lambda,sparse_seed2,sparse,2,3d29f3ca91,73,225,-11.250000000000025,-11.250000000000027,0.8640313769188966,0.1,0,out_of_energy,0,0,1,0,110,0,0,0,0,43,0.05208971166237086,0.3127550123603883,61.07555555555555,123.0,0.99,8,exponential,True
sarsa_lambda,sparse_seed2,sparse,2,3d29f3ca91,74,225,-11.250000000000025,-11.250000000000027,0.8623033141650589,0.1,0,out_of_energy,0,0,1,0,118,0,0,0,0,44,0.053969678809581784,0.22336889172754548,70.26666666666667,133.0,0.99,8,exponential,True
sarsa_lambda,sparse_seed2,sparse,2,3d29f3ca91,75,225,-11.250000000000025,-11.250000000000027,0.8605787075367288,0.1,0,out_of_energy,0,0,1,0,92,1,0,0,0,47,0.04894426199932614,0.13196959245332637,67.70666666666666,134.0,0.99,8,exponential,True
sarsa_lambda,sparse_seed2,sparse,2,3d29f3ca91,76,225,-11.250000000000025,-11.250000000000025,0.8588575501216553,0.1,0,out_of_energy,0,0,1,0,93,11,0,0,0,45,0.05287472361480888,0.2529821604511182,69.04888888888888,138.0,0.99,8,exponential,True
sarsa_lambda,sparse_seed2,sparse,2,3d29f3ca91,77,225,-11.250000000000025,-11.250000000000025,0.857139835021412,0.1,0,out_of_energy,0,0,1,0,108,9,0,0,0,53,0.056300342965812815,0.23753336760389354,63.0,132.0,0.99,8,exponential,True
sarsa_lambda,sparse_seed2,sparse,2,3d29f3ca91,78,225,-11.250000000000025,-11.250000000000025,0.8554255553513692,0.1,0,out_of_energy,0,0,1,0,102,4,2,0,0,49,0.05180799861788704,0.3067502614814561,66.50222222222222,135.0,0.99,8,exponential,True
sarsa_lambda,sparse_seed2,sparse,2,3d29f3ca91,79,225,-11.250000000000025,-11.250000000000025,0.8537147042406664,0.1,0,out_of_energy,0,0,1,0,114,10,0,0,0,46,0.0529602997227709,0.31876562467064423,77.10222222222222,147.0,0.99,8,exponential,True
sarsa_lambda,sparse_seed2,sparse,2,3d29f3ca91,80,225,-11.250000000000025,-11.250000000000027,0.8520072748321851,0.1,0,out_of_energy,0,0,1,0,108,2,0,0,0,44,0.04917605592788513,0.18988247904574862,66.46666666666667,137.0,0.99,8,exponential,True
sarsa_lambda,sparse_seed2,sparse,2,3d29f3ca91,81,225,-11.250000000000025,-11.250000000000027,0.8503032602825207,0.1,0,out_of_energy,0,0,1,0,111,8,0,0,0,44,0.050742201807515624,0.27515408033262717,74.07555555555555,139.0,0.99,8,exponential,True
sarsa_lambda,sparse_seed2,sparse,2,3d29f3ca91,82,225,-11.250000000000025,-11.250000000000027,0.8486026537619556,0.1,0,out_of_energy,0,0,1,0,104,8,0,0,0,44,0.05091438539954344,0.21290288213883318,78.09333333333333,152.0,0.99,8,exponential,True
sarsa_lambda,sparse_seed2,sparse,2,3d29f3ca91,83,225,-11.250000000000025,-11.250000000000027,0.8469054484544317,0.1,0,out_of_energy,0,0,1,0,108,44,0,0,0,42,0.054345740448982556,0.2508169184720089,69.21333333333334,124.0,0.99,8,exponential,True
sarsa_lambda,sparse_seed2,sparse,2,3d29f3ca91,84,225,-11.250000000000025,-11.250000000000025,0.8452116375575228,0.1,0,out_of_energy,0,0,1,0,105,21,0,0,0,44,0.05058634310349765,0.21191358075649058,61.044444444444444,126.0,0.99,8,exponential,True
sarsa_lambda,sparse_seed2,sparse,2,3d29f3ca91,85,225,-11.250000000000025,-11.250000000000025,0.8435212142824078,0.1,0,out_of_energy,0,0,1,0,110,11,0,0,0,45,0.05443990885271129,0.19369750291705773,66.56444444444445,127.0,0.99,8,exponential,True
sarsa_lambda,sparse_seed2,sparse,2,3d29f3ca91,86,225,-11.250000000000025,-11.250000000000025,0.841834171853843,0.1,0,out_of_energy,0,0,1,0,94,7,0,0,0,49,0.049401274536973856,0.17995678089781736,75.81777777777778,139.0,0.99,8,exponential,True
sarsa_lambda,sparse_seed2,sparse,2,3d29f3ca91,87,225,-11.250000000000025,-11.250000000000025,0.8401505035101353,0.1,0,out_of_energy,0,0,1,0,108,9,0,0,0,44,0.04951449398773283,0.23204186671029126,63.306666666666665,130.0,0.99,8,exponential,True
sarsa_lambda,sparse_seed2,sparse,2,3d29f3ca91,88,225,-11.250000000000025,-11.250000000000027,0.838470202503115,0.1,0,out_of_energy,0,0,1,0,115,8,0,0,0,48,0.04927813027157972,0.2115409366114676,62.03111111111111,125.0,0.99,8,exponential,True
sarsa_lambda,sparse_seed2,sparse,2,3d29f3ca91,89,225,-11.250000000000025,-11.250000000000027,0.8367932620981088,0.1,0,out_of_energy,0,0,1,0,110,4,0,0,0,51,0.055331851252667666,0.232528488468201,73.8711111111111,137.0,0.99,8,exponential,True
sarsa_lambda,sparse_seed2,sparse,2,3d29f3ca91,90,225,-11.250000000000025,-11.250000000000027,0.8351196755739125,0.1,0,out_of_energy,0,0,1,0,96,25,0,0,0,46,0.0526862465567763,0.2907925134165974,68.18222222222222,132.0,0.99,8,exponential,True
sarsa_lambda,sparse_seed2,sparse,2,3d29f3ca91,91,225,-11.250000000000025,-11.250000000000027,0.8334494362227647,0.1,0,out_of_energy,0,0,1,0,107,18,0,0,0,46,0.05219211192912046,0.3950983534080431,59.80888888888889,116.0,0.99,8,exponential,True
sarsa_lambda,sparse_seed2,sparse,2,3d29f3ca91,92,225,-11.250000000000025,-11.250000000000027,0.8317825373503192,0.1,0,out_of_energy,0,0,1,0,114,25,0,0,0,41,0.05148695622019401,0.197572096133452,70.35111111111111,133.0,0.99,8,exponential,True
sarsa_lambda,sparse_seed2,sparse,2,3d29f3ca91,93,225,-11.250000000000025,-11.250000000000027,0.8301189722756185,0.1,0,out_of_energy,0,0,1,0,90,15,0,0,0,45,0.053913628363608364,0.22422451540908464,72.16,150.0,0.99,8,exponential,True
sarsa_lambda,sparse_seed2,sparse,2,3d29f3ca91,94,225,-11.250000000000025,-11.250000000000027,0.8284587343310672,0.1,0,out_of_energy,0,0,1,0,109,21,0,0,0,61,0.05271534010522883,0.3227818206581733,63.59111111111111,118.0,0.99,8,exponential,True
sarsa_lambda,sparse_seed2,sparse,2,3d29f3ca91,95,225,-11.250000000000025,-11.250000000000027,0.8268018168624051,0.1,0,out_of_energy,0,0,1,0,107,32,0,0,0,49,0.050683867222876156,0.1518886710428355,65.85777777777778,128.0,0.99,8,exponential,True
sarsa_lambda,sparse_seed2,sparse,2,3d29f3ca91,96,225,-11.250000000000025,-11.250000000000027,0.8251482132286803,0.1,0,out_of_energy,0,0,1,0,105,20,3,0,0,48,0.05227699406882007,0.25263184909161596,68.56444444444445,144.0,0.99,8,exponential,True
sarsa_lambda,sparse_seed2,sparse,2,3d29f3ca91,97,225,-11.250000000000025,-11.250000000000027,0.823497916802223,0.1,0,out_of_energy,0,0,1,0,106,6,0,0,0,50,0.05213961662489294,0.2619533025338183,65.72,132.0,0.99,8,exponential,True
sarsa_lambda,sparse_seed2,sparse,2,3d29f3ca91,98,225,-11.250000000000025,-11.250000000000025,0.8218509209686186,0.1,0,out_of_energy,0,0,1,0,115,10,0,0,0,43,0.05351925664594563,0.24099029209132888,60.666666666666664,115.0,0.99,8,exponential,True
sarsa_lambda,sparse_seed2,sparse,2,3d29f3ca91,99,225,-11.250000000000025,-11.250000000000025,0.8202072191266814,0.1,0,out_of_energy,0,0,1,0,99,2,0,0,0,49,0.053954407963947335,0.22552618559794124,65.52444444444444,133.0,0.99,8,exponential,True
sarsa_lambda,sparse_seed2,sparse,2,3d29f3ca91,100,225,-11.250000000000025,-11.250000000000025,0.818566804688428,0.1,0,out_of_energy,0,0,1,0,97,6,0,0,0,48,0.05427816590309818,0.17416870253077082,70.03111111111112,139.0,0.99,8,exponential,True
sarsa_lambda,sparse_seed2,sparse,2,3d29f3ca91,101,225,-11.250000000000025,-11.250000000000025,0.8169296710790511,0.1,0,out_of_energy,0,0,1,0,121,16,0,0,0,45,0.051137624711915665,0.253430681051864,68.28,135.0,0.99,8,exponential,True
sarsa_lambda,sparse_seed2,sparse,2,3d29f3ca91,102,225,-11.250000000000025,-11.250000000000025,0.815295811736893,0.1,0,out_of_energy,0,0,1,0,93,17,0,0,0,47,0.050051738758083976,0.14886366212287466,67.56,141.0,0.99,8,exponential,True
sarsa_lambda,sparse_seed2,sparse,2,3d29f3ca91,103,225,-11.250000000000025,-11.250000000000025,0.8136652201134192,0.1,0,out_of_energy,0,0,1,0,98,1,0,0,0,49,0.05131200672847747,0.29098507376098093,64.62222222222222,125.0,0.99,8,exponential,True
sarsa_lambda,sparse_seed2,sparse,2,3d29f3ca91,104,225,-11.250000000000025,-11.250000000000025,0.8120378896731923,0.1,0,out_of_energy,0,0,1,0,116,11,0,0,0,43,0.052784504399613616,0.3248318133639364,68.99555555555555,137.0,0.99,8,exponential,True
sarsa_lambda,sparse_seed2,sparse,2,3d29f3ca91,105,225,-11.250000000000025,-11.250000000000025,0.8104138138938459,0.1,0,out_of_energy,0,0,1,0,107,12,0,0,0,38,0.0531007983451155,0.1610405047787603,65.67555555555556,129.0,0.99,8,exponential,True
sarsa_lambda,sparse_seed2,sparse,2,3d29f3ca91,106,225,-11.250000000000025,-11.250000000000025,0.8087929862660582,0.1,0,out_of_energy,0,0,1,0,107,10,0,0,0,41,0.052708262222428394,0.19289473727142814,67.03111111111112,129.0,0.99,8,exponential,True
sarsa_lambda,sparse_seed2,sparse,2,3d29f3ca91,107,225,-11.250000000000025,-11.250000000000025,0.8071754002935261,0.1,0,out_of_energy,0,0,1,0,105,2,0,0,0,36,0.05122360956100832,0.15218641198158372,64.54666666666667,133.0,0.99,8,exponential,True
sarsa_lambda,sparse_seed2,sparse,2,3d29f3ca91,108,225,-11.250000000000025,-11.250000000000025,0.805561049492939,0.1,0,out_of_energy,0,0,1,0,111,7,0,0,0,44,0.052925423278235476,0.18616521296751765,71.19555555555556,133.0,0.99,8,exponential,True
sarsa_lambda,sparse_seed2,sparse,2,3d29f3ca91,109,225,-11.250000000000025,-11.250000000000025,0.8039499273939532,0.1,0,out_of_energy,0,0,1,0,97,7,0,0,0,42,0.049088984246587246,0.28523906299645735,63.59111111111111,131.0,0.99,8,exponential,True
sarsa_lambda,sparse_seed2,sparse,2,3d29f3ca91,110,225,-11.250000000000025,-11.250000000000025,0.8023420275391653,0.1,0,out_of_energy,0,0,1,0,111,3,0,0,0,37,0.05083947031658078,0.260940901413236,62.684444444444445,133.0,0.99,8,exponential,True
sarsa_lambda,sparse_seed2,sparse,2,3d29f3ca91,111,225,-11.250000000000025,-11.250000000000025,0.800737343484087,0.1,0,out_of_energy,0,0,1,0,103,18,0,0,0,43,0.05287952552157443,0.2028993841918597,69.68,130.0,0.99,8,exponential,True
sarsa_lambda,sparse_seed2,sparse,2,3d29f3ca91,112,225,-11.250000000000025,-11.250000000000025,0.7991358687971188,0.1,0,out_of_energy,0,0,1,0,91,2,1,0,0,39,0.05406404050528903,0.2993599012628027,74.46222222222222,143.0,0.99,8,exponential,True
sarsa_lambda,sparse_seed2,sparse,2,3d29f3ca91,113,225,-11.250000000000025,-11.250000000000025,0.7975375970595246,0.1,0,out_of_energy,0,0,1,0,116,13,0,0,0,41,0.05004856677465526,0.13388381267692787,69.5111111111111,145.0,0.99,8,exponential,True
sarsa_lambda,sparse_seed2,sparse,2,3d29f3ca91,114,225,-11.250000000000025,-11.250000000000025,0.7959425218654056,0.1,0,out_of_energy,0,0,1,0,102,5,0,0,0,41,0.04989623241716678,0.2007897998960293,73.85777777777778,139.0,0.99,8,exponential,True
sarsa_lambda,sparse_seed2,sparse,2,3d29f3ca91,115,225,-11.250000000000025,-11.250000000000025,0.7943506368216747,0.1,0,out_of_energy,0,0,1,0,91,11,0,0,0,45,0.05076952387405707,0.1825333972685813,68.89333333333333,141.0,0.99,8,exponential,True
sarsa_lambda,sparse_seed2,sparse,2,3d29f3ca91,116,225,-11.250000000000025,-11.250000000000025,0.7927619355480314,0.1,0,out_of_energy,0,0,1,0,86,14,0,0,0,49,0.05312295014969981,0.2160857280001129,73.67111111111112,145.0,0.99,8,exponential,True
sarsa_lambda,sparse_seed2,sparse,2,3d29f3ca91,117,225,-11.250000000000025,-11.250000000000025,0.7911764116769353,0.1,0,out_of_energy,0,0,1,0,119,2,0,0,0,39,0.053845546549039204,0.21309687989421416,69.88444444444444,137.0,0.99,8,exponential,True
sarsa_lambda,sparse_seed2,sparse,2,3d29f3ca91,118,225,-11.250000000000025,-11.250000000000025,0.7895940588535815,0.1,0,out_of_energy,0,0,1,0,110,2,0,0,0,45,0.05175211842304753,0.24245933373081985,68.32,138.0,0.99,8,exponential,True
sarsa_lambda,sparse_seed2,sparse,2,3d29f3ca91,119,225,-11.250000000000025,-11.250000000000025,0.7880148707358743,0.1,0,out_of_energy,0,0,1,0,117,2,0,0,0,52,0.05045744240079138,0.1658690632792058,63.10666666666667,124.0,0.99,8,exponential,True
sarsa_lambda,sparse_seed2,sparse,2,3d29f3ca91,120,225,-11.250000000000025,-11.250000000000025,0.7864388409944025,0.1,0,out_of_energy,0,0,1,0,101,15,0,0,0,36,0.05113455927064543,0.1657962838610326,66.25333333333333,136.0,0.99,8,exponential,True
sarsa_lambda,sparse_seed2,sparse,2,3d29f3ca91,121,225,-11.250000000000025,-11.250000000000025,0.7848659633124138,0.1,0,out_of_energy,0,0,1,0,101,6,0,0,0,44,0.05137776254099036,0.3295477675357001,79.6,154.0,0.99,8,exponential,True
sarsa_lambda,sparse_seed2,sparse,2,3d29f3ca91,122,225,-11.250000000000025,-11.250000000000025,0.783296231385789,0.1,0,out_of_energy,0,0,1,0,118,13,0,0,0,46,0.04923824409899363,0.2743221375882647,66.24444444444444,126.0,0.99,8,exponential,True
sarsa_lambda,sparse_seed2,sparse,2,3d29f3ca91,123,225,-11.250000000000025,-11.250000000000025,0.7817296389230174,0.1,0,out_of_energy,0,0,1,0,93,18,0,0,0,46,0.05201576626351534,0.21777244288138956,73.52888888888889,139.0,0.99,8,exponential,True
sarsa_lambda,sparse_seed2,sparse,2,3d29f3ca91,124,225,-11.250000000000025,-11.250000000000025,0.7801661796451713,0.1,0,out_of_energy,0,0,1,0,113,15,0,0,0,49,0.05101574470507945,0.22380311149243354,66.38222222222223,133.0,0.99,8,exponential,True
sarsa_lambda,sparse_seed2,sparse,2,3d29f3ca91,125,225,-11.250000000000025,-11.250000000000025,0.778605847285881,0.1,0,out_of_energy,0,0,1,0,106,34,0,0,0,51,0.05060718747607317,0.22468664139771222,77.88,135.0,0.99,8,exponential,True
sarsa_lambda,sparse_seed2,sparse,2,3d29f3ca91,126,225,-11.250000000000025,-11.250000000000025,0.7770486355913092,0.1,0,out_of_energy,0,0,1,0,108,12,0,0,0,32,0.05305433413325148,0.14971239621585003,66.25333333333333,119.0,0.99,8,exponential,True
sarsa_lambda,sparse_seed2,sparse,2,3d29f3ca91,127,225,-11.250000000000025,-11.250000000000025,0.7754945383201266,0.1,0,out_of_energy,0,0,1,0,86,14,0,0,0,52,0.05080693263677829,0.18354379908484514,74.41777777777777,144.0,0.99,8,exponential,True
sarsa_lambda,sparse_seed2,sparse,2,3d29f3ca91,128,225,-11.250000000000025,-11.250000000000025,0.7739435492434863,0.1,0,out_of_energy,0,0,1,0,104,2,0,0,0,51,0.051935847124369744,0.2760231345652749,67.24,127.0,0.99,8,exponential,True
sarsa_lambda,sparse_seed2,sparse,2,3d29f3ca91,129,225,-11.250000000000025,-11.250000000000025,0.7723956621449993,0.1,0,out_of_energy,0,0,1,0,105,6,0,0,0,37,0.04955045219085245,0.13219497512405973,65.40444444444445,129.0,0.99,8,exponential,True
sarsa_lambda,sparse_seed2,sparse,2,3d29f3ca91,130,225,-11.250000000000025,-11.250000000000025,0.7708508708207094,0.1,0,out_of_energy,0,0,1,0,104,16,0,0,0,52,0.05265742374812905,0.26210913178061684,73.88,143.0,0.99,8,exponential,True
sarsa_lambda,sparse_seed2,sparse,2,3d29f3ca91,131,225,-11.250000000000025,-11.250000000000025,0.769309169079068,0.1,0,out_of_energy,0,0,1,0,101,20,0,0,0,35,0.050315845670124794,0.19071032206316219,74.19555555555556,140.0,0.99,8,exponential,True
sarsa_lambda,sparse_seed2,sparse,2,3d29f3ca91,132,225,-11.250000000000025,-11.250000000000025,0.7677705507409098,0.1,0,out_of_energy,0,0,1,0,92,18,0,0,0,50,0.05272989839527673,0.32178899748500045,76.46222222222222,144.0,0.99,8,exponential,True
sarsa_lambda,sparse_seed2,sparse,2,3d29f3ca91,133,225,-11.250000000000025,-11.250000000000025,0.766235009639428,0.1,0,out_of_energy,0,0,1,0,117,7,0,0,0,40,0.05227615270045902,0.19348523246220128,71.81333333333333,134.0,0.99,8,exponential,True
sarsa_lambda,sparse_seed2,sparse,2,3d29f3ca91,134,225,-11.250000000000025,-11.250000000000025,0.7647025396201492,0.1,0,out_of_energy,0,0,1,0,103,21,0,0,0,57,0.05198240696414806,0.21006029534884652,70.02222222222223,144.0,0.99,8,exponential,True
sarsa_lambda,sparse_seed2,sparse,2,3d29f3ca91,135,225,-11.250000000000025,-11.250000000000025,0.763173134540909,0.1,0,out_of_energy,0,0,1,0,102,26,0,0,0,42,0.0532645573188879,0.3326868068360923,71.82666666666667,139.0,0.99,8,exponential,True
sarsa_lambda,sparse_seed2,sparse,2,3d29f3ca91,136,225,-11.250000000000025,-11.250000000000025,0.7616467882718272,0.1,0,out_of_energy,0,0,1,0,102,2,0,0,0,60,0.04969815150276067,0.22246981485568085,76.04444444444445,143.0,0.99,8,exponential,True
sarsa_lambda,sparse_seed2,sparse,2,3d29f3ca91,137,225,-11.250000000000025,-11.250000000000025,0.7601234946952835,0.1,0,out_of_energy,0,0,1,0,103,12,0,0,0,48,0.04871680690826305,0.14099271299679197,73.4888888888889,144.0,0.99,8,exponential,True
sarsa_lambda,sparse_seed2,sparse,2,3d29f3ca91,138,225,-11.250000000000025,-11.250000000000025,0.7586032477058929,0.1,0,out_of_energy,0,0,1,0,116,18,0,0,0,50,0.0503071920329653,0.18523635933881277,69.95555555555555,141.0,0.99,8,exponential,True
sarsa_lambda,sparse_seed2,sparse,2,3d29f3ca91,139,225,-11.250000000000025,-11.250000000000025,0.7570860412104812,0.1,0,out_of_energy,0,0,1,0,93,6,0,0,0,43,0.05001552941397877,0.29145663350315865,70.7688888888889,143.0,0.99,8,exponential,True
sarsa_lambda,sparse_seed2,sparse,2,3d29f3ca91,140,225,-11.250000000000025,-11.250000000000025,0.7555718691280602,0.1,0,out_of_energy,0,0,1,0,110,9,0,0,0,41,0.049936089572510625,0.2636276641041263,70.82666666666667,137.0,0.99,8,exponential,True
sarsa_lambda,sparse_seed2,sparse,2,3d29f3ca91,141,225,-11.250000000000025,-11.250000000000025,0.7540607253898041,0.1,0,out_of_energy,0,0,1,0,111,2,0,0,0,44,0.048781690670147614,0.15080089253924955,65.22222222222223,129.0,0.99,8,exponential,True
sarsa_lambda,sparse_seed2,sparse,2,3d29f3ca91,142,225,-11.250000000000025,-11.250000000000025,0.7525526039390245,0.1,0,out_of_energy,0,0,1,0,95,14,0,0,0,50,0.053096113784495885,0.19894924846727757,64.2311111111111,128.0,0.99,8,exponential,True
sarsa_lambda,sparse_seed2,sparse,2,3d29f3ca91,143,225,-11.250000000000025,-11.250000000000025,0.7510474987311464,0.1,0,out_of_energy,0,0,1,0,97,22,0,0,0,53,0.0510379311485739,0.16422148043852317,81.52888888888889,155.0,0.99,8,exponential,True
sarsa_lambda,sparse_seed2,sparse,2,3d29f3ca91,144,225,-11.250000000000025,-11.250000000000025,0.7495454037336841,0.1,0,out_of_energy,0,0,1,0,104,32,0,0,0,56,0.0515142564551551,0.3553443726681166,66.39555555555556,135.0,0.99,8,exponential,True
sarsa_lambda,sparse_seed2,sparse,2,3d29f3ca91,145,225,-11.250000000000025,-11.250000000000025,0.7480463129262167,0.1,0,out_of_energy,0,0,1,0,96,5,0,0,0,54,0.052192048421847236,0.2791433106138581,68.10666666666667,132.0,0.99,8,exponential,True
sarsa_lambda,sparse_seed2,sparse,2,3d29f3ca91,146,225,-11.250000000000025,-11.250000000000025,0.7465502203003642,0.1,0,out_of_energy,0,0,1,0,106,2,0,0,0,54,0.05201852699129603,0.18371531890590245,71.27111111111111,137.0,0.99,8,exponential,True
sarsa_lambda,sparse_seed2,sparse,2,3d29f3ca91,147,225,-11.250000000000025,-11.250000000000025,0.7450571198597635,0.1,0,out_of_energy,0,0,1,0,106,7,0,0,0,44,0.04760833449023738,0.16572966851278584,66.83555555555556,128.0,0.99,8,exponential,True
sarsa_lambda,sparse_seed2,sparse,2,3d29f3ca91,148,225,-11.250000000000025,-11.250000000000025,0.743567005620044,0.1,0,out_of_energy,0,0,1,0,82,12,0,0,0,53,0.05047568165352221,0.25945222069704804,75.1511111111111,153.0,0.99,8,exponential,True
sarsa_lambda,sparse_seed2,sparse,2,3d29f3ca91,149,225,-11.250000000000025,-11.250000000000025,0.7420798716088038,0.1,0,out_of_energy,0,0,1,0,108,5,0,0,0,55,0.0513439309612207,0.20315950032930652,68.88444444444444,129.0,0.99,8,exponential,True
sarsa_lambda,sparse_seed2,sparse,2,3d29f3ca91,150,225,-11.250000000000025,-11.250000000000025,0.7405957118655863,0.1,0,out_of_energy,0,0,1,0,117,10,1,0,0,38,0.04949346691333918,0.21425318999133502,74.41333333333333,145.0,0.99,8,exponential,True
sarsa_lambda,sparse_seed2,sparse,2,3d29f3ca91,151,225,-11.250000000000025,-11.250000000000025,0.7391145204418551,0.1,0,out_of_energy,0,0,1,0,97,29,0,0,0,39,0.04959465327516076,0.22772167203717728,66.86666666666666,134.0,0.99,8,exponential,True
sarsa_lambda,sparse_seed2,sparse,2,3d29f3ca91,152,225,-11.250000000000025,-11.250000000000025,0.7376362914009714,0.1,0,out_of_energy,0,0,1,0,105,5,0,0,0,45,0.05336961475884258,0.27352634070892523,61.044444444444444,121.0,0.99,8,exponential,True
sarsa_lambda,sparse_seed2,sparse,2,3d29f3ca91,153,225,-11.250000000000025,-11.250000000000025,0.7361610188181695,0.1,0,out_of_energy,0,0,1,0,94,9,1,0,0,41,0.04743464295838806,0.21095061842107526,71.14222222222222,134.0,0.99,8,exponential,True
sarsa_lambda,sparse_seed2,sparse,2,3d29f3ca91,154,225,-11.250000000000025,-11.250000000000025,0.7346886967805332,0.1,0,out_of_energy,0,0,1,0,116,5,0,0,0,48,0.04833107202365957,0.4311611469599782,53.50666666666667,109.0,0.99,8,exponential,True
sarsa_lambda,sparse_seed2,sparse,2,3d29f3ca91,155,225,-11.250000000000025,-11.250000000000025,0.733219319386972,0.1,0,out_of_energy,0,0,1,0,80,24,0,0,0,45,0.051826100393381265,0.1715906187198999,79.88,153.0,0.99,8,exponential,True
sarsa_lambda,sparse_seed2,sparse,2,3d29f3ca91,156,225,-11.250000000000025,-11.250000000000025,0.7317528807481981,0.1,0,out_of_energy,0,0,1,0,102,10,0,0,0,41,0.0512167736672992,0.26979554989666543,64.99111111111111,128.0,0.99,8,exponential,True
sarsa_lambda,sparse_seed2,sparse,2,3d29f3ca91,157,225,-11.250000000000025,-11.250000000000025,0.7302893749867018,0.1,0,out_of_energy,0,0,1,0,123,1,0,0,0,46,0.049842037873546303,0.2013805118749784,63.0,118.0,0.99,8,exponential,True
sarsa_lambda,sparse_seed2,sparse,2,3d29f3ca91,158,225,-11.250000000000025,-11.250000000000025,0.7288287962367284,0.1,0,out_of_energy,0,0,1,0,109,1,2,0,0,43,0.05040911375277138,0.27055005240339136,74.39111111111112,153.0,0.99,8,exponential,True
sarsa_lambda,sparse_seed2,sparse,2,3d29f3ca91,159,225,-11.250000000000025,-11.250000000000025,0.727371138644255,0.1,0,out_of_energy,0,0,1,0,104,10,0,0,0,52,0.05104120760123894,0.2522800398444698,72.95555555555555,138.0,0.99,8,exponential,True
sarsa_lambda,sparse_seed2,sparse,2,3d29f3ca91,160,225,-11.250000000000025,-11.250000000000025,0.7259163963669665,0.1,0,out_of_energy,0,0,1,0,105,1,0,0,0,51,0.051416369104733954,0.1940378400741501,71.04,131.0,0.99,8,exponential,True
sarsa_lambda,sparse_seed2,sparse,2,3d29f3ca91,161,225,-11.250000000000025,-11.250000000000025,0.7244645635742325,0.1,0,out_of_energy,0,0,1,0,103,24,0,0,0,39,0.04980840617686954,0.1680505409802394,83.89777777777778,158.0,0.99,8,exponential,True
sarsa_lambda,sparse_seed2,sparse,2,3d29f3ca91,162,225,-11.250000000000025,-11.250000000000025,0.723015634447084,0.1,0,out_of_energy,0,0,1,0,103,12,0,0,0,38,0.049551812234316865,0.30666740680942306,66.68444444444444,138.0,0.99,8,exponential,True
sarsa_lambda,sparse_seed2,sparse,2,3d29f3ca91,163,225,-11.250000000000025,-11.250000000000025,0.7215696031781899,0.1,0,out_of_energy,0,0,1,0,102,29,0,0,0,37,0.04926994018864261,0.21740516287264333,71.89777777777778,153.0,0.99,8,exponential,True
sarsa_lambda,sparse_seed2,sparse,2,3d29f3ca91,164,225,-11.250000000000025,-11.250000000000025,0.7201264639718334,0.1,0,out_of_energy,0,0,1,0,106,14,0,0,0,40,0.05199874723952105,0.4198359248574278,63.64888888888889,134.0,0.99,8,exponential,True
sarsa_lambda,sparse_seed2,sparse,2,3d29f3ca91,165,225,-11.250000000000025,-11.250000000000025,0.7186862110438897,0.1,0,out_of_energy,0,0,1,0,106,7,0,0,0,36,0.05090389511340848,0.19413713491413745,76.31555555555556,141.0,0.99,8,exponential,True
sarsa_lambda,sparse_seed2,sparse,2,3d29f3ca91,166,225,-11.250000000000025,-11.250000000000025,0.717248838621802,0.1,0,out_of_energy,0,0,1,0,103,6,0,0,0,41,0.05013209155368727,0.17237195553548623,80.60888888888888,156.0,0.99,8,exponential,True
sarsa_lambda,sparse_seed2,sparse,2,3d29f3ca91,167,225,-11.250000000000025,-11.250000000000025,0.7158143409445584,0.1,0,out_of_energy,0,0,1,0,93,13,0,0,0,41,0.048528932536125474,0.20081160167996093,66.96,129.0,0.99,8,exponential,True
sarsa_lambda,sparse_seed2,sparse,2,3d29f3ca91,168,225,-11.250000000000025,-11.250000000000025,0.7143827122626694,0.1,0,out_of_energy,0,0,1,0,108,28,0,0,0,46,0.052383326342124975,0.19410318188397502,68.22222222222223,134.0,0.99,8,exponential,True
sarsa_lambda,sparse_seed2,sparse,2,3d29f3ca91,169,225,-11.250000000000025,-11.250000000000025,0.7129539468381441,0.1,0,out_of_energy,0,0,1,0,105,6,0,0,0,49,0.049610411905808414,0.22032596448018277,71.72444444444444,127.0,0.99,8,exponential,True
sarsa_lambda,sparse_seed2,sparse,2,3d29f3ca91,170,225,-11.250000000000025,-11.250000000000025,0.7115280389444678,0.1,0,out_of_energy,0,0,1,0,121,21,0,0,0,30,0.052089966307984494,0.22219998639523852,66.42666666666666,133.0,0.99,8,exponential,True
sarsa_lambda,sparse_seed2,sparse,2,3d29f3ca91,171,225,-11.250000000000025,-11.250000000000025,0.7101049828665789,0.1,0,out_of_energy,0,0,1,0,104,18,0,0,0,41,0.05125316522293275,0.3102469508672694,68.66666666666667,140.0,0.99,8,exponential,True
sarsa_lambda,sparse_seed2,sparse,2,3d29f3ca91,172,225,-11.250000000000025,-11.250000000000025,0.7086847729008457,0.1,0,out_of_energy,0,0,1,0,107,26,0,0,0,47,0.05389300312135455,0.20005748175991733,74.40444444444445,150.0,0.99,8,exponential,True
sarsa_lambda,sparse_seed2,sparse,2,3d29f3ca91,173,225,-11.250000000000025,-11.250000000000025,0.707267403355044,0.1,0,out_of_energy,0,0,1,0,107,24,0,0,0,42,0.05088047691250019,0.19683152728733877,72.2,140.0,0.99,8,exponential,True
sarsa_lambda,sparse_seed2,sparse,2,3d29f3ca91,174,225,-11.250000000000025,-11.250000000000025,0.705852868548334,0.1,0,out_of_energy,0,0,1,0,111,18,0,0,0,33,0.05159452199667543,0.1995870482735726,74.30666666666667,151.0,0.99,8,exponential,True
sarsa_lambda,sparse_seed2,sparse,2,3d29f3ca91,175,225,-11.250000000000025,-11.250000000000025,0.7044411628112373,0.1,0,out_of_energy,0,0,1,0,99,17,0,0,0,41,0.04950204319861312,0.1596403940210529,80.24444444444444,155.0,0.99,8,exponential,True
sarsa_lambda,sparse_seed2,sparse,2,3d29f3ca91,176,225,-11.250000000000025,-11.250000000000025,0.7030322804856147,0.1,0,out_of_energy,0,0,1,0,100,4,0,0,0,51,0.051535209948935956,0.32528142430379653,77.23555555555555,147.0,0.99,8,exponential,True
sarsa_lambda,sparse_seed2,sparse,2,3d29f3ca91,177,225,-11.250000000000025,-11.250000000000025,0.7016262159246435,0.1,0,out_of_energy,0,0,1,0,86,7,0,0,0,48,0.050700129872503365,0.3673756956059301,70.98666666666666,143.0,0.99,8,exponential,True
sarsa_lambda,sparse_seed2,sparse,2,3d29f3ca91,178,225,-11.250000000000025,-11.250000000000025,0.7002229634927942,0.1,0,out_of_energy,0,0,1,0,105,20,0,0,0,42,0.04815892797276146,0.21226567134832863,77.55555555555556,146.0,0.99,8,exponential,True
sarsa_lambda,sparse_seed2,sparse,2,3d29f3ca91,179,225,-11.250000000000025,-11.250000000000025,0.6988225175658086,0.1,0,out_of_energy,0,0,1,0,97,27,0,0,0,44,0.05087794787082506,0.17474296484555485,75.32888888888888,151.0,0.99,8,exponential,True
sarsa_lambda,sparse_seed2,sparse,2,3d29f3ca91,180,225,-11.250000000000025,-11.250000000000025,0.697424872530677,0.1,0,out_of_energy,0,0,1,0,121,24,0,0,0,43,0.05186991673497783,0.2164935257745337,67.06222222222222,133.0,0.99,8,exponential,True
sarsa_lambda,sparse_seed2,sparse,2,3d29f3ca91,181,225,-11.250000000000025,-11.250000000000025,0.6960300227856157,0.1,0,out_of_energy,0,0,1,0,98,33,0,0,0,47,0.05075853335873744,0.2710225063402497,73.8711111111111,143.0,0.99,8,exponential,True
sarsa_lambda,sparse_seed2,sparse,2,3d29f3ca91,182,225,-11.250000000000025,-11.250000000000025,0.6946379627400444,0.1,0,out_of_energy,0,0,1,0,95,13,0,0,0,50,0.055066408554743713,0.3936270992842712,65.17777777777778,125.0,0.99,8,exponential,True
sarsa_lambda,sparse_seed2,sparse,2,3d29f3ca91,183,225,-11.250000000000025,-11.250000000000025,0.6932486868145643,0.1,0,out_of_energy,0,0,1,0,114,10,0,0,0,45,0.05100375764108692,0.1629125759535364,65.99555555555555,118.0,0.99,8,exponential,True
sarsa_lambda,sparse_seed2,sparse,2,3d29f3ca91,184,225,-11.250000000000025,-11.250000000000025,0.6918621894409351,0.1,0,out_of_energy,0,0,1,0,115,20,0,0,0,36,0.048182317754816864,0.1669511237159914,63.62222222222222,131.0,0.99,8,exponential,True
sarsa_lambda,sparse_seed2,sparse,2,3d29f3ca91,185,225,-11.250000000000025,-11.250000000000025,0.6904784650620532,0.1,0,out_of_energy,0,0,1,0,114,7,0,0,0,54,0.04921239491708725,0.18002516346734487,64.08444444444444,130.0,0.99,8,exponential,True
sarsa_lambda,sparse_seed2,sparse,2,3d29f3ca91,186,225,-11.250000000000025,-11.250000000000025,0.6890975081319292,0.1,0,out_of_energy,0,0,1,0,98,6,0,0,0,41,0.05306042331187328,0.29563802673225603,75.37777777777778,151.0,0.99,8,exponential,True
sarsa_lambda,sparse_seed2,sparse,2,3d29f3ca91,187,225,-11.250000000000025,-11.250000000000025,0.6877193131156653,0.1,0,out_of_energy,0,0,1,0,92,2,0,0,0,47,0.05136018416384679,0.32562953632660974,68.92888888888889,141.0,0.99,8,exponential,True
sarsa_lambda,sparse_seed2,sparse,2,3d29f3ca91,188,225,-11.250000000000025,-11.250000000000025,0.6863438744894339,0.1,0,out_of_energy,0,0,1,0,123,5,0,0,0,45,0.05060165265314184,0.21208103437642323,75.81333333333333,143.0,0.99,8,exponential,True
sarsa_lambda,sparse_seed2,sparse,2,3d29f3ca91,189,225,-11.250000000000025,-11.250000000000025,0.684971186740455,0.1,0,out_of_energy,0,0,1,0,108,10,0,0,0,47,0.04929736827060712,0.1858036024769596,70.00444444444445,144.0,0.99,8,exponential,True
sarsa_lambda,sparse_seed2,sparse,2,3d29f3ca91,190,225,-11.250000000000025,-11.250000000000025,0.6836012443669741,0.1,0,out_of_energy,0,0,1,0,124,4,0,0,0,53,0.04967284820674038,0.2071895513634311,59.986666666666665,118.0,0.99,8,exponential,True
sarsa_lambda,sparse_seed2,sparse,2,3d29f3ca91,191,225,-11.250000000000025,-11.250000000000025,0.6822340418782402,0.1,0,out_of_energy,0,0,1,0,104,6,0,0,0,39,0.04834421214122855,0.19533519108556252,58.38666666666666,112.0,0.99,8,exponential,True
sarsa_lambda,sparse_seed2,sparse,2,3d29f3ca91,192,225,-11.250000000000025,-11.250000000000025,0.6808695737944838,0.1,0,out_of_energy,0,0,1,0,112,13,0,0,0,36,0.051829569149937464,0.2833073113504957,71.52444444444444,139.0,0.99,8,exponential,True
sarsa_lambda,sparse_seed2,sparse,2,3d29f3ca91,193,225,-11.250000000000025,-11.250000000000025,0.6795078346468948,0.1,0,out_of_energy,0,0,1,0,99,17,0,0,0,47,0.050054704968123344,0.1838299609578078,74.75111111111111,141.0,0.99,8,exponential,True
sarsa_lambda,sparse_seed2,sparse,2,3d29f3ca91,194,225,-11.250000000000025,-11.250000000000025,0.678148818977601,0.1,0,out_of_energy,0,0,1,0,95,4,0,0,0,40,0.052155300558976846,0.1975738236750083,77.54666666666667,152.0,0.99,8,exponential,True
sarsa_lambda,sparse_seed2,sparse,2,3d29f3ca91,195,225,-11.250000000000025,-11.250000000000025,0.6767925213396458,0.1,0,out_of_energy,0,0,1,0,123,0,0,0,0,50,0.04969168885359478,0.2835436957491432,59.68888888888889,121.0,0.99,8,exponential,True
sarsa_lambda,sparse_seed2,sparse,2,3d29f3ca91,196,225,-11.250000000000025,-11.250000000000025,0.6754389362969666,0.1,0,out_of_energy,0,0,1,0,116,32,0,0,0,42,0.05330066440578248,0.2838328570284271,67.0,126.0,0.99,8,exponential,True
sarsa_lambda,sparse_seed2,sparse,2,3d29f3ca91,197,225,-11.250000000000025,-11.250000000000025,0.6740880584243727,0.1,0,out_of_energy,0,0,1,0,101,31,0,0,0,40,0.0549957141842634,0.22764739232747266,68.1288888888889,128.0,0.99,8,exponential,True
sarsa_lambda,sparse_seed2,sparse,2,3d29f3ca91,198,225,-11.250000000000025,-11.250000000000025,0.6727398823075239,0.1,0,out_of_energy,0,0,1,0,100,10,0,0,0,39,0.05221373252848987,0.3386531902771376,69.1511111111111,145.0,0.99,8,exponential,True
sarsa_lambda,sparse_seed2,sparse,2,3d29f3ca91,199,225,-11.250000000000025,-11.250000000000025,0.6713944025429088,0.1,0,out_of_energy,0,0,1,0,110,17,0,0,0,43,0.05087871011845828,0.2476429794182602,73.63555555555556,134.0,0.99,8,exponential,True
sarsa_lambda,sparse_seed2,sparse,2,3d29f3ca91,200,225,-11.250000000000025,-11.250000000000025,0.670051613737823,0.1,0,out_of_energy,0,0,1,0,115,16,0,0,0,56,0.05390964999834867,0.2710229498771554,74.5911111111111,144.0,0.99,8,exponential,True
sarsa_lambda,sparse_seed2,sparse,2,3d29f3ca91,201,225,-11.250000000000025,-11.250000000000025,0.6687115105103473,0.1,0,out_of_energy,0,0,1,0,109,22,0,0,0,48,0.04864794010238188,0.22465051479223108,59.43555555555555,126.0,0.99,8,exponential,True
sarsa_lambda,sparse_seed2,sparse,2,3d29f3ca91,202,225,-11.250000000000025,-11.250000000000025,0.6673740874893266,0.1,0,out_of_energy,0,0,1,0,98,35,0,0,0,47,0.055494887225420515,0.35332014821103785,72.5911111111111,141.0,0.99,8,exponential,True
sarsa_lambda,sparse_seed2,sparse,2,3d29f3ca91,203,225,-11.250000000000025,-11.250000000000025,0.6660393393143479,0.1,0,out_of_energy,0,0,1,0,88,15,0,0,0,36,0.05149908371017939,0.23402887390588642,74.26222222222222,144.0,0.99,8,exponential,True
sarsa_lambda,sparse_seed2,sparse,2,3d29f3ca91,204,225,-11.250000000000025,-11.250000000000025,0.6647072606357192,0.1,0,out_of_energy,0,0,1,0,98,20,0,0,0,48,0.05016837050705607,0.3049552201545309,75.17333333333333,140.0,0.99,8,exponential,True
sarsa_lambda,sparse_seed2,sparse,2,3d29f3ca91,205,225,-11.250000000000025,-11.250000000000025,0.6633778461144477,0.1,0,out_of_energy,0,0,1,0,97,14,0,0,0,46,0.05329703099664002,0.22375352667073425,70.91111111111111,139.0,0.99,8,exponential,True
sarsa_lambda,sparse_seed2,sparse,2,3d29f3ca91,206,225,-11.250000000000025,-11.250000000000025,0.6620510904222189,0.1,0,out_of_energy,0,0,1,0,102,20,0,0,0,48,0.04925591816370664,0.23157616445579876,75.39555555555556,148.0,0.99,8,exponential,True
sarsa_lambda,sparse_seed2,sparse,2,3d29f3ca91,207,225,-11.250000000000025,-11.250000000000025,0.6607269882413744,0.1,0,out_of_energy,0,0,1,0,108,12,4,0,0,48,0.05377854959927315,0.4424918158282515,67.4088888888889,131.0,0.99,8,exponential,True
sarsa_lambda,sparse_seed2,sparse,2,3d29f3ca91,208,225,-11.250000000000025,-11.250000000000025,0.6594055342648917,0.1,0,out_of_energy,0,0,1,0,93,14,0,0,0,41,0.05072283411319167,0.229432469975415,63.12888888888889,121.0,0.99,8,exponential,True
sarsa_lambda,sparse_seed2,sparse,2,3d29f3ca91,209,225,-11.250000000000025,-11.250000000000025,0.6580867231963619,0.1,0,out_of_energy,0,0,1,0,105,22,0,0,0,50,0.05101096800186745,0.3099611697995256,69.16444444444444,142.0,0.99,8,exponential,True
sarsa_lambda,sparse_seed2,sparse,2,3d29f3ca91,210,225,-11.250000000000025,-11.250000000000025,0.6567705497499692,0.1,0,out_of_energy,0,0,1,0,82,3,0,0,0,40,0.05060792062522657,0.32509368555038837,69.82666666666667,141.0,0.99,8,exponential,True
sarsa_lambda,sparse_seed2,sparse,2,3d29f3ca91,211,225,-11.250000000000025,-11.250000000000025,0.6554570086504692,0.1,0,out_of_energy,0,0,1,0,107,18,0,0,0,52,0.052679115982572126,0.19733423173744774,64.96,123.0,0.99,8,exponential,True
sarsa_lambda,sparse_seed2,sparse,2,3d29f3ca91,212,225,-11.250000000000025,-11.250000000000025,0.6541460946331682,0.1,0,out_of_energy,0,0,1,0,124,6,0,0,0,34,0.05139422021202547,0.4152175383685609,55.03111111111111,114.0,0.99,8,exponential,True
sarsa_lambda,sparse_seed2,sparse,2,3d29f3ca91,213,225,-11.250000000000025,-11.250000000000025,0.6528378024439019,0.1,0,out_of_energy,0,0,1,0,101,15,0,0,0,38,0.04874582687674965,0.20556585728990295,69.23555555555555,138.0,0.99,8,exponential,True
sarsa_lambda,sparse_seed2,sparse,2,3d29f3ca91,214,225,-11.250000000000025,-11.250000000000025,0.6515321268390141,0.1,0,out_of_energy,0,0,1,0,114,5,0,0,0,44,0.05291084745818649,0.3528326685121697,69.68,135.0,0.99,8,exponential,True
sarsa_lambda,sparse_seed2,sparse,2,3d29f3ca91,215,225,-11.250000000000025,-11.250000000000025,0.6502290625853361,0.1,0,out_of_energy,0,0,1,0,97,11,0,0,0,38,0.051039400410730816,0.3739157620016356,74.97333333333333,142.0,0.99,8,exponential,True
sarsa_lambda,sparse_seed2,sparse,2,3d29f3ca91,216,225,-11.250000000000025,-11.250000000000025,0.6489286044601654,0.1,0,out_of_energy,0,0,1,0,95,23,0,0,0,44,0.051289178542456314,0.20472733406187776,73.84,148.0,0.99,8,exponential,True
sarsa_lambda,sparse_seed2,sparse,2,3d29f3ca91,217,225,-11.250000000000025,-11.250000000000025,0.6476307472512451,0.1,0,out_of_energy,0,0,1,0,120,25,0,0,0,44,0.049639189570913865,0.25656750313997023,62.78666666666667,123.0,0.99,8,exponential,True
sarsa_lambda,sparse_seed2,sparse,2,3d29f3ca91,218,225,-11.250000000000025,-11.250000000000025,0.6463354857567426,0.1,0,out_of_energy,0,0,1,0,117,9,0,0,0,46,0.05187390820795476,0.30585559056183664,66.02666666666667,125.0,0.99,8,exponential,True
sarsa_lambda,sparse_seed2,sparse,2,3d29f3ca91,219,225,-11.250000000000025,-11.250000000000025,0.6450428147852291,0.1,0,out_of_energy,0,0,1,0,93,13,0,0,0,52,0.053265430204787315,0.30412765542234615,73.29333333333334,140.0,0.99,8,exponential,True
sarsa_lambda,sparse_seed2,sparse,2,3d29f3ca91,220,225,-11.250000000000025,-11.250000000000025,0.6437527291556586,0.1,0,out_of_energy,0,0,1,0,105,27,0,0,0,44,0.05317597094538157,0.24745907656111488,67.38666666666667,131.0,0.99,8,exponential,True
sarsa_lambda,sparse_seed2,sparse,2,3d29f3ca91,221,225,-11.250000000000025,-11.250000000000025,0.6424652236973473,0.1,0,out_of_energy,0,0,1,0,88,17,0,0,0,49,0.052687735066362394,0.3422770482077174,73.02222222222223,150.0,0.99,8,exponential,True
sarsa_lambda,sparse_seed2,sparse,2,3d29f3ca91,222,225,-11.250000000000025,-11.250000000000025,0.6411802932499525,0.1,0,out_of_energy,0,0,1,0,114,6,0,0,0,39,0.049190230034819316,0.21768539845467683,60.70666666666666,127.0,0.99,8,exponential,True
sarsa_lambda,sparse_seed2,sparse,2,3d29f3ca91,223,225,-11.250000000000025,-11.250000000000025,0.6398979326634526,0.1,0,out_of_energy,0,0,1,0,115,11,0,0,0,41,0.04976859649251294,0.25881632107517183,72.79555555555555,144.0,0.99,8,exponential,True
sarsa_lambda,sparse_seed2,sparse,2,3d29f3ca91,224,225,-11.250000000000025,-11.250000000000025,0.6386181367981257,0.1,0,out_of_energy,0,0,1,0,114,15,0,0,0,46,0.0511293902503366,0.17392198550042193,80.13777777777777,147.0,0.99,8,exponential,True
sarsa_lambda,sparse_seed2,sparse,2,3d29f3ca91,225,225,-11.250000000000025,-11.250000000000025,0.6373409005245295,0.1,0,out_of_energy,0,0,1,0,116,4,0,0,0,48,0.048077334823763425,0.4460556997819445,63.8,140.0,0.99,8,exponential,True
sarsa_lambda,sparse_seed2,sparse,2,3d29f3ca91,226,225,-11.250000000000025,-11.250000000000025,0.6360662187234805,0.1,0,out_of_energy,0,0,1,0,112,13,0,0,0,40,0.04972998634174604,0.2409191703135627,68.42222222222222,127.0,0.99,8,exponential,True
sarsa_lambda,sparse_seed2,sparse,2,3d29f3ca91,227,225,-11.250000000000025,-11.250000000000025,0.6347940862860335,0.1,0,out_of_energy,0,0,1,0,97,2,0,0,0,47,0.05186419253129447,0.25924473372749546,75.19555555555556,141.0,0.99,8,exponential,True
sarsa_lambda,sparse_seed2,sparse,2,3d29f3ca91,228,225,-11.250000000000025,-11.250000000000025,0.6335244981134615,0.1,0,out_of_energy,0,0,1,0,96,3,0,0,0,49,0.050093872232955666,0.24066746827478552,68.86666666666666,136.0,0.99,8,exponential,True
sarsa_lambda,sparse_seed2,sparse,2,3d29f3ca91,229,225,-11.250000000000025,-11.250000000000025,0.6322574491172346,0.1,0,out_of_energy,0,0,1,0,105,5,0,0,0,36,0.04731359611765558,0.21639697780677591,64.46666666666667,133.0,0.99,8,exponential,True
sarsa_lambda,sparse_seed2,sparse,2,3d29f3ca91,230,225,-11.250000000000025,-11.250000000000025,0.6309929342190002,0.1,0,out_of_energy,0,0,1,0,104,24,0,0,0,56,0.05101364990269883,0.16913101534422836,70.71111111111111,138.0,0.99,8,exponential,True
sarsa_lambda,sparse_seed2,sparse,2,3d29f3ca91,231,225,-11.250000000000025,-11.250000000000025,0.6297309483505622,0.1,0,out_of_energy,0,0,1,0,100,4,0,0,0,43,0.05036052372902527,0.3158809681437362,66.81333333333333,128.0,0.99,8,exponential,True
sarsa_lambda,sparse_seed2,sparse,2,3d29f3ca91,232,225,-11.250000000000025,-11.250000000000025,0.6284714864538611,0.1,0,out_of_energy,0,0,1,0,101,19,2,0,0,40,0.04963342805430138,0.17207137999953068,73.35111111111111,145.0,0.99,8,exponential,True
sarsa_lambda,sparse_seed2,sparse,2,3d29f3ca91,233,225,-11.250000000000025,-11.250000000000025,0.6272145434809534,0.1,0,out_of_energy,0,0,1,0,110,5,0,0,0,43,0.0508574440903518,0.2870081810815794,68.86666666666666,131.0,0.99,8,exponential,True
sarsa_lambda,sparse_seed2,sparse,2,3d29f3ca91,234,225,-11.250000000000025,-11.250000000000025,0.6259601143939915,0.1,0,out_of_energy,0,0,1,0,102,16,2,0,0,42,0.04998185285563011,0.21411481022771411,72.4,140.0,0.99,8,exponential,True
sarsa_lambda,sparse_seed2,sparse,2,3d29f3ca91,235,225,-11.250000000000025,-11.250000000000025,0.6247081941652035,0.1,0,out_of_energy,0,0,1,0,105,14,1,0,0,34,0.05068677367355314,0.2481439125068111,77.39111111111112,144.0,0.99,8,exponential,True
sarsa_lambda,sparse_seed2,sparse,2,3d29f3ca91,236,225,-11.250000000000025,-11.250000000000025,0.6234587777768731,0.1,0,out_of_energy,0,0,1,0,123,1,0,0,0,46,0.049752539706351656,0.15667413560487758,58.55111111111111,120.0,0.99,8,exponential,True
sarsa_lambda,sparse_seed2,sparse,2,3d29f3ca91,237,225,-11.250000000000025,-11.250000000000025,0.6222118602213194,0.1,0,out_of_energy,0,0,1,0,111,19,0,0,0,40,0.05091972858882103,0.24617847681273608,67.89777777777778,129.0,0.99,8,exponential,True
sarsa_lambda,sparse_seed2,sparse,2,3d29f3ca91,238,225,-11.250000000000025,-11.250000000000025,0.6209674365008767,0.1,0,out_of_energy,0,0,1,0,105,14,0,0,0,36,0.049558526105616264,0.19877027419151766,71.88888888888889,141.0,0.99,8,exponential,True
sarsa_lambda,sparse_seed2,sparse,2,3d29f3ca91,239,225,-11.250000000000025,-11.250000000000025,0.619725501627875,0.1,0,out_of_energy,0,0,1,0,112,4,0,0,0,29,0.05189164154096725,0.27231718189729465,71.46666666666667,131.0,0.99,8,exponential,True
sarsa_lambda,sparse_seed2,sparse,2,3d29f3ca91,240,225,-11.250000000000025,-11.250000000000025,0.6184860506246193,0.1,0,out_of_energy,0,0,1,0,109,8,0,0,0,40,0.05193512758497866,0.22341845457830933,68.96,136.0,0.99,8,exponential,True
sarsa_lambda,sparse_seed2,sparse,2,3d29f3ca91,241,225,-11.250000000000025,-11.250000000000025,0.61724907852337,0.1,0,out_of_energy,0,0,1,0,105,13,1,0,0,37,0.051545795078997245,0.20567511835729954,68.18222222222222,126.0,0.99,8,exponential,True
sarsa_lambda,sparse_seed2,sparse,2,3d29f3ca91,242,225,-11.250000000000025,-11.250000000000025,0.6160145803663232,0.1,0,out_of_energy,0,0,1,0,105,21,0,0,0,44,0.048721199525691525,0.21901675389449637,67.98666666666666,138.0,0.99,8,exponential,True
sarsa_lambda,sparse_seed2,sparse,2,3d29f3ca91,243,225,-11.250000000000025,-11.250000000000025,0.6147825512055906,0.1,0,out_of_energy,0,0,1,0,103,2,0,0,0,49,0.053258955198331376,0.31805106841260133,72.86222222222223,130.0,0.99,8,exponential,True
sarsa_lambda,sparse_seed2,sparse,2,3d29f3ca91,244,225,-11.250000000000025,-11.250000000000025,0.6135529861031793,0.1,0,out_of_energy,0,0,1,0,104,13,0,0,0,41,0.04959959292580336,0.22433714869253615,60.413333333333334,127.0,0.99,8,exponential,True
sarsa_lambda,sparse_seed2,sparse,2,3d29f3ca91,245,225,-11.250000000000025,-11.250000000000025,0.612325880130973,0.1,0,out_of_energy,0,0,1,0,102,17,0,0,0,38,0.051788746793106036,0.23910584812883529,71.32444444444444,137.0,0.99,8,exponential,True
sarsa_lambda,sparse_seed2,sparse,2,3d29f3ca91,246,225,-11.250000000000025,-11.250000000000025,0.611101228370711,0.1,0,out_of_energy,0,0,1,0,120,51,0,0,0,45,0.051462975666087256,0.23943426585237104,69.95111111111112,130.0,0.99,8,exponential,True
sarsa_lambda,sparse_seed2,sparse,2,3d29f3ca91,247,225,-11.250000000000025,-11.250000000000025,0.6098790259139696,0.1,0,out_of_energy,0,0,1,0,111,2,0,0,0,44,0.049275278303118515,0.17714800977252662,69.52444444444444,129.0,0.99,8,exponential,True
sarsa_lambda,sparse_seed2,sparse,2,3d29f3ca91,248,225,-11.250000000000025,-11.250000000000025,0.6086592678621416,0.1,0,out_of_energy,0,0,1,0,102,21,0,0,0,45,0.05083826525549549,0.29766047695473197,71.68888888888888,135.0,0.99,8,exponential,True
sarsa_lambda,sparse_seed2,sparse,2,3d29f3ca91,249,225,-11.250000000000025,-11.250000000000025,0.6074419493264174,0.1,0,out_of_energy,0,0,1,0,97,6,0,0,0,45,0.05329962003054189,0.20346981393487656,68.4888888888889,139.0,0.99,8,exponential,True
sarsa_lambda,sparse_seed2,sparse,2,3d29f3ca91,250,225,-11.250000000000025,-11.250000000000025,0.6062270654277645,0.1,0,out_of_energy,0,0,1,0,99,8,0,0,0,47,0.053478368487373015,0.2573666890026684,64.11111111111111,118.0,0.99,8,exponential,True
sarsa_lambda,sparse_seed2,sparse,2,3d29f3ca91,251,225,-11.250000000000025,-11.250000000000025,0.6050146112969089,0.1,0,out_of_energy,0,0,1,0,104,1,0,0,0,37,0.05502027673152079,0.2703468244012823,70.04888888888888,135.0,0.99,8,exponential,True
sarsa_lambda,sparse_seed2,sparse,2,3d29f3ca91,252,225,-11.250000000000025,-11.250000000000025,0.6038045820743151,0.1,0,out_of_energy,0,0,1,0,112,9,0,0,0,43,0.04972990799814078,0.17333885534418875,63.044444444444444,119.0,0.99,8,exponential,True
sarsa_lambda,sparse_seed2,sparse,2,3d29f3ca91,253,225,-11.250000000000025,-11.250000000000025,0.6025969729101665,0.1,0,out_of_energy,0,0,1,0,106,1,0,0,0,45,0.053074782449297524,0.3765160912874635,65.56,122.0,0.99,8,exponential,True
sarsa_lambda,sparse_seed2,sparse,2,3d29f3ca91,254,225,-11.250000000000025,-11.250000000000025,0.6013917789643461,0.1,0,out_of_energy,0,0,1,0,99,8,11,0,0,38,0.05076565818737543,0.2402338089711702,68.38666666666667,128.0,0.99,8,exponential,True
sarsa_lambda,sparse_seed2,sparse,2,3d29f3ca91,255,225,-11.250000000000025,-11.250000000000025,0.6001889954064175,0.1,0,out_of_energy,0,0,1,0,117,5,0,0,0,43,0.053527279695844414,0.30703962670667906,69.49333333333334,137.0,0.99,8,exponential,True
sarsa_lambda,sparse_seed2,sparse,2,3d29f3ca91,256,225,-11.250000000000025,-11.250000000000025,0.5989886174156046,0.1,0,out_of_energy,0,0,1,0,110,7,0,0,0,50,0.050560058467214085,0.30717809125515316,65.48,123.0,0.99,8,exponential,True
sarsa_lambda,sparse_seed2,sparse,2,3d29f3ca91,257,225,-11.250000000000025,-11.250000000000025,0.5977906401807734,0.1,0,out_of_energy,0,0,1,0,89,5,0,0,0,47,0.05109344369139996,0.24636387582312558,71.04,143.0,0.99,8,exponential,True
sarsa_lambda,sparse_seed2,sparse,2,3d29f3ca91,258,225,-11.250000000000025,-11.250000000000025,0.5965950589004119,0.1,0,out_of_energy,0,0,1,0,113,5,0,0,0,49,0.05278495950609031,0.23948075101552835,71.96888888888888,137.0,0.99,8,exponential,True
sarsa_lambda,sparse_seed2,sparse,2,3d29f3ca91,259,225,-11.250000000000025,-11.250000000000025,0.595401868782611,0.1,0,out_of_energy,0,0,1,0,101,17,0,0,0,43,0.051278572975453664,0.21538889171447956,70.4088888888889,139.0,0.99,8,exponential,True
sarsa_lambda,sparse_seed2,sparse,2,3d29f3ca91,260,225,-11.250000000000025,-11.250000000000025,0.5942110650450458,0.1,0,out_of_energy,0,0,1,0,107,9,0,0,0,44,0.04869568309797241,0.17344856379916562,74.32888888888888,140.0,0.99,8,exponential,True
sarsa_lambda,sparse_seed2,sparse,2,3d29f3ca91,261,225,-11.250000000000025,-11.250000000000025,0.5930226429149558,0.1,0,out_of_energy,0,0,1,0,110,4,0,0,0,51,0.04817367120270308,0.15537586003319886,64.97333333333333,121.0,0.99,8,exponential,True
sarsa_lambda,sparse_seed2,sparse,2,3d29f3ca91,262,225,-11.250000000000025,-11.250000000000025,0.5918365976291259,0.1,0,out_of_energy,0,0,1,0,121,0,0,0,0,42,0.05159020550411619,0.25108058373117725,61.73777777777778,114.0,0.99,8,exponential,True
sarsa_lambda,sparse_seed2,sparse,2,3d29f3ca91,263,225,-11.250000000000025,-11.250000000000025,0.5906529244338676,0.1,0,out_of_energy,0,0,1,0,117,9,0,0,0,41,0.05058972218700175,0.2907028554708161,63.80888888888889,133.0,0.99,8,exponential,True
sarsa_lambda,sparse_seed2,sparse,2,3d29f3ca91,264,225,-11.250000000000025,-11.250000000000025,0.5894716185849999,0.1,0,out_of_energy,0,0,1,0,114,9,0,0,0,46,0.05086081893442258,0.2514430860214535,66.96444444444444,127.0,0.99,8,exponential,True
sarsa_lambda,sparse_seed2,sparse,2,3d29f3ca91,265,225,-11.250000000000025,-11.250000000000025,0.5882926753478298,0.1,0,out_of_energy,0,0,1,0,101,4,0,0,0,43,0.04970366986552323,0.2685419429613576,70.33333333333333,130.0,0.99,8,exponential,True
sarsa_lambda,sparse_seed2,sparse,2,3d29f3ca91,266,225,-11.250000000000025,-11.250000000000025,0.5871160899971342,0.1,0,out_of_energy,0,0,1,0,106,12,0,0,0,42,0.05197557261125162,0.23379454302146183,72.07555555555555,141.0,0.99,8,exponential,True
sarsa_lambda,sparse_seed2,sparse,2,3d29f3ca91,267,225,-11.250000000000025,-11.250000000000025,0.5859418578171399,0.1,0,out_of_energy,0,0,1,0,98,26,0,0,0,44,0.05119705931601741,0.18268038191904223,74.00444444444445,147.0,0.99,8,exponential,True
sarsa_lambda,sparse_seed2,sparse,2,3d29f3ca91,268,225,-11.250000000000025,-11.250000000000025,0.5847699741015057,0.1,0,out_of_energy,0,0,1,0,126,5,0,0,0,48,0.05117788298628413,0.31338720418630084,62.693333333333335,117.0,0.99,8,exponential,True
sarsa_lambda,sparse_seed2,sparse,2,3d29f3ca91,269,225,-11.250000000000025,-11.250000000000025,0.5836004341533026,0.1,0,out_of_energy,0,0,1,0,101,5,0,0,0,52,0.05261787404052484,0.40790815208397724,75.64,144.0,0.99,8,exponential,True
sarsa_lambda,sparse_seed2,sparse,2,3d29f3ca91,270,225,-11.250000000000025,-11.250000000000025,0.5824332332849961,0.1,0,out_of_energy,0,0,1,0,112,12,0,0,0,39,0.050807677882954864,0.19746284636867062,68.70222222222222,137.0,0.99,8,exponential,True
sarsa_lambda,sparse_seed2,sparse,2,3d29f3ca91,271,225,-11.250000000000025,-11.250000000000025,0.5812683668184261,0.1,0,out_of_energy,0,0,1,0,103,25,4,0,0,45,0.04837561012742288,0.23284112995067174,65.99111111111111,127.0,0.99,8,exponential,True
sarsa_lambda,sparse_seed2,sparse,2,3d29f3ca91,272,225,-11.250000000000025,-11.250000000000025,0.5801058300847892,0.1,0,out_of_energy,0,0,1,0,105,11,0,0,0,46,0.04879991608429854,0.2200173610336561,60.47555555555556,123.0,0.99,8,exponential,True
sarsa_lambda,sparse_seed2,sparse,2,3d29f3ca91,273,225,-11.250000000000025,-11.250000000000025,0.5789456184246197,0.1,0,out_of_energy,0,0,1,0,84,3,0,0,0,43,0.0503455563363937,0.2931938762325663,78.85777777777778,145.0,0.99,8,exponential,True
sarsa_lambda,sparse_seed2,sparse,2,3d29f3ca91,274,225,-11.250000000000025,-11.250000000000025,0.5777877271877704,0.1,0,out_of_energy,0,0,1,0,117,11,0,0,0,32,0.05007356030280789,0.18410274067080112,71.22666666666667,137.0,0.99,8,exponential,True
sarsa_lambda,sparse_seed2,sparse,2,3d29f3ca91,275,225,-11.250000000000025,-11.250000000000025,0.5766321517333949,0.1,0,out_of_energy,0,0,1,0,103,27,0,0,0,54,0.051519889986433545,0.3890437027859751,74.39111111111112,142.0,0.99,8,exponential,True
sarsa_lambda,sparse_seed2,sparse,2,3d29f3ca91,276,225,-11.250000000000025,-11.250000000000025,0.5754788874299281,0.1,0,out_of_energy,0,0,1,0,89,4,0,0,0,46,0.04584752684483214,0.1973740529582838,73.09333333333333,145.0,0.99,8,exponential,True
sarsa_lambda,sparse_seed2,sparse,2,3d29f3ca91,277,225,-11.250000000000025,-11.250000000000025,0.5743279296550683,0.1,0,out_of_energy,0,0,1,0,106,37,2,0,0,40,0.04997659320009188,0.1731619798357828,68.75111111111111,143.0,0.99,8,exponential,True
sarsa_lambda,sparse_seed2,sparse,2,3d29f3ca91,278,225,-11.250000000000025,-11.250000000000025,0.5731792737957582,0.1,0,out_of_energy,0,0,1,0,114,5,0,0,0,50,0.0498621118070939,0.27071823234332276,72.95111111111112,143.0,0.99,8,exponential,True
sarsa_lambda,sparse_seed2,sparse,2,3d29f3ca91,279,225,-11.250000000000025,-11.250000000000025,0.5720329152481667,0.1,0,out_of_energy,0,0,1,0,109,1,0,0,0,44,0.051032041743705556,0.19962280556523518,69.59555555555555,131.0,0.99,8,exponential,True
sarsa_lambda,sparse_seed2,sparse,2,3d29f3ca91,280,225,-11.250000000000025,-11.250000000000025,0.5708888494176704,0.1,0,out_of_energy,0,0,1,0,108,7,0,0,0,57,0.04904849332511696,0.1702647638934422,71.84,139.0,0.99,8,exponential,True
sarsa_lambda,sparse_seed2,sparse,2,3d29f3ca91,281,225,-11.250000000000025,-11.250000000000025,0.569747071718835,0.1,0,out_of_energy,0,0,1,0,120,27,0,0,0,48,0.04822106483126274,0.2739873141793549,67.46222222222222,139.0,0.99,8,exponential,True
sarsa_lambda,sparse_seed2,sparse,2,3d29f3ca91,282,225,-11.250000000000025,-11.250000000000025,0.5686075775753973,0.1,0,out_of_energy,0,0,1,0,109,5,0,0,0,44,0.04767054527023308,0.2377421475731888,70.94222222222223,140.0,0.99,8,exponential,True
sarsa_lambda,sparse_seed2,sparse,2,3d29f3ca91,283,225,-11.250000000000025,-11.250000000000025,0.5674703624202465,0.1,0,out_of_energy,0,0,1,0,110,23,0,0,0,38,0.049911930950735456,0.2868884048838004,68.28,132.0,0.99,8,exponential,True
sarsa_lambda,sparse_seed2,sparse,2,3d29f3ca91,284,225,-11.250000000000025,-11.250000000000025,0.5663354216954061,0.1,0,out_of_energy,0,0,1,0,107,3,0,0,0,49,0.04939448194401226,0.21919219134698725,71.79555555555555,135.0,0.99,8,exponential,True
sarsa_lambda,sparse_seed2,sparse,2,3d29f3ca91,285,225,-11.250000000000025,-11.250000000000025,0.5652027508520152,0.1,0,out_of_energy,0,0,1,0,92,41,0,0,0,36,0.05101773782638966,0.39150417284100625,71.45333333333333,143.0,0.99,8,exponential,True
sarsa_lambda,sparse_seed2,sparse,2,3d29f3ca91,286,225,-11.250000000000025,-11.250000000000025,0.5640723453503111,0.1,0,out_of_energy,0,0,1,0,106,22,0,0,0,42,0.04975884090541034,0.15062803927931864,77.56444444444445,135.0,0.99,8,exponential,True
sarsa_lambda,sparse_seed2,sparse,2,3d29f3ca91,287,225,-11.250000000000025,-11.250000000000025,0.5629442006596105,0.1,0,out_of_energy,0,0,1,0,104,19,0,0,0,48,0.05069264168441543,0.2144897173227097,78.07555555555555,148.0,0.99,8,exponential,True
sarsa_lambda,sparse_seed2,sparse,2,3d29f3ca91,288,225,-11.250000000000025,-11.250000000000025,0.5618183122582913,0.1,0,out_of_energy,0,0,1,0,115,7,0,0,0,40,0.047212146474459614,0.18369809731038644,66.75555555555556,132.0,0.99,8,exponential,True
sarsa_lambda,sparse_seed2,sparse,2,3d29f3ca91,289,225,-11.250000000000025,-11.250000000000025,0.5606946756337747,0.1,0,out_of_energy,0,0,1,0,112,8,0,0,0,59,0.051978536689191696,0.17185877591418414,64.29777777777778,127.0,0.99,8,exponential,True
sarsa_lambda,sparse_seed2,sparse,2,3d29f3ca91,290,225,-11.250000000000025,-11.250000000000025,0.5595732862825071,0.1,0,out_of_energy,0,0,1,0,107,8,0,0,0,42,0.04932714222117553,0.1958931387043977,81.10222222222222,150.0,0.99,8,exponential,True
sarsa_lambda,sparse_seed2,sparse,2,3d29f3ca91,291,225,-11.250000000000025,-11.250000000000025,0.5584541397099421,0.1,0,out_of_energy,0,0,1,0,105,45,0,0,0,42,0.05115628827836374,0.33843121755080685,67.39555555555556,126.0,0.99,8,exponential,True
sarsa_lambda,sparse_seed2,sparse,2,3d29f3ca91,292,225,-11.250000000000025,-11.250000000000025,0.5573372314305222,0.1,0,out_of_energy,0,0,1,0,96,27,0,0,0,47,0.05175872126248358,0.18137120584689478,78.28,141.0,0.99,8,exponential,True
sarsa_lambda,sparse_seed2,sparse,2,3d29f3ca91,293,225,-11.250000000000025,-11.250000000000025,0.5562225569676611,0.1,0,out_of_energy,0,0,1,0,103,20,0,0,0,41,0.05193699610678711,0.18980308359641623,66.52,132.0,0.99,8,exponential,True
sarsa_lambda,sparse_seed2,sparse,2,3d29f3ca91,294,225,-11.250000000000025,-11.250000000000025,0.5551101118537257,0.1,0,out_of_energy,0,0,1,0,102,31,0,0,0,36,0.050601081673903835,0.33922401056461043,70.75555555555556,135.0,0.99,8,exponential,True
sarsa_lambda,sparse_seed2,sparse,2,3d29f3ca91,295,225,-11.250000000000025,-11.250000000000025,0.5539998916300183,0.1,0,out_of_energy,0,0,1,0,105,22,0,0,0,42,0.053221161500914764,0.3306848538301426,68.08444444444444,131.0,0.99,8,exponential,True
sarsa_lambda,sparse_seed2,sparse,2,3d29f3ca91,296,225,-11.250000000000025,-11.250000000000025,0.5528918918467582,0.1,0,out_of_energy,0,0,1,0,112,2,0,0,0,40,0.05074733853577317,0.3511164805210137,65.61777777777777,123.0,0.99,8,exponential,True
sarsa_lambda,sparse_seed2,sparse,2,3d29f3ca91,297,225,-11.250000000000025,-11.250000000000025,0.5517861080630647,0.1,0,out_of_energy,0,0,1,0,103,3,0,0,0,56,0.05123796200383265,0.2958744462246417,76.77333333333333,146.0,0.99,8,exponential,True
sarsa_lambda,sparse_seed2,sparse,2,3d29f3ca91,298,225,-11.250000000000025,-11.250000000000025,0.5506825358469386,0.1,0,out_of_energy,0,0,1,0,127,6,0,0,0,42,0.049967288816874254,0.16949971062278596,61.64,112.0,0.99,8,exponential,True
sarsa_lambda,sparse_seed2,sparse,2,3d29f3ca91,299,225,-11.250000000000025,-11.250000000000025,0.5495811707752447,0.1,0,out_of_energy,0,0,1,0,105,8,2,0,0,46,0.049411292246536814,0.23666036353769254,74.03555555555556,143.0,0.99,8,exponential,True
sarsa_lambda,sparse_seed2,sparse,2,3d29f3ca91,300,225,-11.250000000000025,-11.250000000000025,0.5484820084336942,0.1,0,out_of_energy,0,0,1,0,110,11,0,0,0,47,0.051245939282153014,0.23113953062779236,72.08444444444444,138.0,0.99,8,exponential,True
