algorithm,run_label,reward_mode,seed,config_hash,episode,steps,reward,mean_return_100,epsilon,alpha,energy_left,outcome,success,goal_success,energy_exhausted,max_steps_reached,wall_collisions,penalty_entries,door_blocked,door_crossings,key_pickups,slips,mean_abs_td_error,max_abs_td_error,mean_active_traces,max_active_traces,cfg_gamma,cfg_energy_bins,cfg_epsilon_schedule
q_learning,shaped_seed2,shaped,2,3d29f3ca91,1,225,-277.25000000000114,-277.25000000000114,0.998,0.15,0,out_of_energy,0,0,1,0,111,28,0,0,0,34,1.3703026119718333,20.892500000000002,0.0,0.0,0.99,8,exponential
q_learning,shaped_seed2,shaped,2,3d29f3ca91,2,225,-166.7500000000001,-222.00000000000063,0.996004,0.15,0,out_of_energy,0,0,1,0,118,3,0,0,0,47,0.8325885982497235,19.6175,0.0,0.0,0.99,8,exponential
q_learning,shaped_seed2,shaped,2,3d29f3ca91,3,225,-256.7500000000011,-233.58333333333408,0.994011992,0.15,0,out_of_energy,0,0,1,0,116,23,0,0,0,43,1.1922559249649254,21.05,0.0,0.0,0.99,8,exponential
q_learning,shaped_seed2,shaped,2,3d29f3ca91,4,225,-264.2500000000019,-241.25000000000102,0.992023968016,0.15,0,out_of_energy,0,0,1,0,103,25,0,0,0,45,1.1330631319281337,19.6175,0.0,0.0,0.99,8,exponential
q_learning,shaped_seed2,shaped,2,3d29f3ca91,5,225,-164.74999999999991,-225.9500000000008,0.990039920079968,0.15,0,out_of_energy,0,0,1,0,110,6,0,0,0,51,0.8368820379094448,20.66426732107714,0.0,0.0,0.99,8,exponential
q_learning,shaped_seed2,shaped,2,3d29f3ca91,6,225,-130.24999999999957,-210.0000000000006,0.9880598402398081,0.15,0,out_of_energy,0,0,1,0,90,0,3,0,0,44,0.7137583563100465,20.45989875,0.0,0.0,0.99,8,exponential
q_learning,shaped_seed2,shaped,2,3d29f3ca91,7,225,-300.7500000000003,-222.96428571428626,0.9860837205593285,0.15,0,out_of_energy,0,0,1,0,108,32,0,0,0,46,1.3243134063616697,21.05,0.0,0.0,0.99,8,exponential
q_learning,shaped_seed2,shaped,2,3d29f3ca91,8,225,-205.75000000000134,-220.81250000000068,0.9841115531182099,0.15,0,out_of_energy,0,0,1,0,96,15,0,0,0,32,0.8749879563454285,20.392500000000002,0.0,0.0,0.99,8,exponential
q_learning,shaped_seed2,shaped,2,3d29f3ca91,9,225,-147.7499999999995,-212.694444444445,0.9821433300119734,0.15,0,out_of_energy,0,0,1,0,110,2,0,0,0,45,0.7029936045296286,24.55,0.0,0.0,0.99,8,exponential
q_learning,shaped_seed2,shaped,2,3d29f3ca91,10,225,-147.24999999999963,-206.15000000000046,0.9801790433519495,0.15,0,out_of_energy,0,0,1,0,117,2,0,0,0,41,0.7718709565804955,21.174875,0.0,0.0,0.99,8,exponential
q_learning,shaped_seed2,shaped,2,3d29f3ca91,11,225,-187.75000000000074,-204.47727272727323,0.9782186852652456,0.15,0,out_of_energy,0,0,1,0,102,11,0,0,0,47,0.9605272935144896,20.55,0.0,0.0,0.99,8,exponential
q_learning,shaped_seed2,shaped,2,3d29f3ca91,12,225,-161.24999999999972,-200.87500000000043,0.976262247894715,0.15,0,out_of_energy,0,0,1,0,93,7,0,0,0,50,0.8193913931129727,20.55,0.0,0.0,0.99,8,exponential
q_learning,shaped_seed2,shaped,2,3d29f3ca91,13,225,-133.74999999999952,-195.71153846153882,0.9743097233989256,0.15,0,out_of_energy,0,0,1,0,104,0,0,0,0,38,0.5847276486155021,19.55,0.0,0.0,0.99,8,exponential
q_learning,shaped_seed2,shaped,2,3d29f3ca91,14,225,-228.7500000000008,-198.07142857142895,0.9723611039521278,0.15,0,out_of_energy,0,0,1,0,96,19,0,0,0,40,1.0432147111503598,21.05,0.0,0.0,0.99,8,exponential
q_learning,shaped_seed2,shaped,2,3d29f3ca91,15,225,-237.75000000000097,-200.7166666666671,0.9704163817442236,0.15,0,out_of_energy,0,0,1,0,110,18,0,0,0,45,0.9675071761802327,21.05,0.0,0.0,0.99,8,exponential
q_learning,shaped_seed2,shaped,2,3d29f3ca91,16,225,-269.25000000000085,-205.00000000000045,0.9684755489807352,0.15,0,out_of_energy,0,0,1,0,103,28,0,0,0,46,1.1147168777402596,20.698137172701877,0.0,0.0,0.99,8,exponential
q_learning,shaped_seed2,shaped,2,3d29f3ca91,17,225,-222.75000000000077,-206.0441176470593,0.9665385978827737,0.15,0,out_of_energy,0,0,1,0,108,17,0,0,0,46,0.8374138377002022,19.695683871921776,0.0,0.0,0.99,8,exponential
q_learning,shaped_seed2,shaped,2,3d29f3ca91,18,225,-237.75000000000156,-207.80555555555608,0.9646055206870082,0.15,0,out_of_energy,0,0,1,0,100,20,0,0,0,51,1.0544193092206435,19.6175,0.0,0.0,0.99,8,exponential
q_learning,shaped_seed2,shaped,2,3d29f3ca91,19,225,-156.2499999999997,-205.09210526315837,0.9626763096456342,0.15,0,out_of_energy,0,0,1,0,125,0,0,0,0,37,0.57686653032487,20.728359572764486,0.0,0.0,0.99,8,exponential
q_learning,shaped_seed2,shaped,2,3d29f3ca91,20,225,-196.25000000000082,-204.6500000000005,0.9607509570263429,0.15,0,out_of_energy,0,0,1,0,111,10,0,0,0,33,0.8570827652190125,20.47752375,0.0,0.0,0.99,8,exponential
q_learning,shaped_seed2,shaped,2,3d29f3ca91,21,225,-192.25000000000088,-204.05952380952434,0.9588294551122902,0.15,0,out_of_energy,0,0,1,0,101,12,0,0,0,46,0.7797041208036376,21.05,0.0,0.0,0.99,8,exponential
q_learning,shaped_seed2,shaped,2,3d29f3ca91,22,225,-164.25000000000006,-202.25000000000048,0.9569117962020657,0.15,0,out_of_energy,0,0,1,0,105,6,0,0,0,48,0.7120087638057443,19.55,0.0,0.0,0.99,8,exponential
q_learning,shaped_seed2,shaped,2,3d29f3ca91,23,225,-248.75000000000063,-204.2717391304353,0.9549979726096616,0.15,0,out_of_energy,0,0,1,0,118,21,0,0,0,43,0.892047491994374,20.532618470139568,0.0,0.0,0.99,8,exponential
q_learning,shaped_seed2,shaped,2,3d29f3ca91,24,225,-136.74999999999957,-201.4583333333338,0.9530879766644422,0.15,0,out_of_energy,0,0,1,0,96,1,0,0,0,43,0.613866826289562,19.6175,0.0,0.0,0.99,8,exponential
q_learning,shaped_seed2,shaped,2,3d29f3ca91,25,225,-254.7500000000005,-203.5900000000005,0.9511818007111134,0.15,0,out_of_energy,0,0,1,0,120,20,0,0,0,32,0.8524269640393948,20.90252375,0.0,0.0,0.99,8,exponential
q_learning,shaped_seed2,shaped,2,3d29f3ca91,26,225,-188.75000000000054,-203.01923076923126,0.9492794371096911,0.15,0,out_of_energy,0,0,1,0,104,11,0,0,0,59,0.799838095043641,20.7771689375,0.0,0.0,0.99,8,exponential
q_learning,shaped_seed2,shaped,2,3d29f3ca91,27,225,-235.75000000000037,-204.23148148148195,0.9473808782354717,0.15,0,out_of_energy,0,0,1,0,98,22,0,0,0,45,0.9473267438078262,22.476793925084376,0.0,0.0,0.99,8,exponential
q_learning,shaped_seed2,shaped,2,3d29f3ca91,28,225,-159.2499999999999,-202.62500000000045,0.9454861164790007,0.15,0,out_of_energy,0,0,1,0,95,7,0,0,0,43,0.7644163300919727,20.385834452978195,0.0,0.0,0.99,8,exponential
q_learning,shaped_seed2,shaped,2,3d29f3ca91,29,225,-152.24999999999963,-200.8879310344832,0.9435951442460427,0.15,0,out_of_energy,0,0,1,0,119,2,0,0,0,54,0.7381163700675704,20.55,0.0,0.0,0.99,8,exponential
q_learning,shaped_seed2,shaped,2,3d29f3ca91,30,225,-345.25000000000136,-205.70000000000047,0.9417079539575507,0.15,0,out_of_energy,0,0,1,0,93,44,0,0,0,36,1.573051449729153,20.4675,0.0,0.0,0.99,8,exponential
q_learning,shaped_seed2,shaped,2,3d29f3ca91,31,225,-207.75000000000077,-205.76612903225856,0.9398245380496356,0.15,0,out_of_energy,0,0,1,0,108,15,0,0,0,54,1.049526188997353,19.22512801608022,0.0,0.0,0.99,8,exponential
q_learning,shaped_seed2,shaped,2,3d29f3ca91,32,225,-192.7500000000006,-205.35937500000045,0.9379448889735363,0.15,0,out_of_energy,0,0,1,0,108,10,0,0,0,46,0.6928392040581236,20.56921995096875,0.0,0.0,0.99,8,exponential
q_learning,shaped_seed2,shaped,2,3d29f3ca91,33,225,-133.74999999999955,-203.1893939393944,0.9360689991955893,0.15,0,out_of_energy,0,0,1,0,108,2,0,0,0,52,0.7614996269147274,19.55,0.0,0.0,0.99,8,exponential
q_learning,shaped_seed2,shaped,2,3d29f3ca91,34,225,-157.24999999999977,-201.83823529411808,0.9341968611971981,0.15,0,out_of_energy,0,0,1,0,113,3,0,0,0,48,0.6463829016789454,20.359860459981547,0.0,0.0,0.99,8,exponential
q_learning,shaped_seed2,shaped,2,3d29f3ca91,35,225,-201.25000000000102,-201.821428571429,0.9323284674748037,0.15,0,out_of_energy,0,0,1,0,101,14,0,0,0,59,0.7955351760906625,19.55,0.0,0.0,0.99,8,exponential
q_learning,shaped_seed2,shaped,2,3d29f3ca91,36,225,-185.25000000000023,-201.36111111111154,0.930463810539854,0.15,0,out_of_energy,0,0,1,0,111,9,0,0,0,43,0.7169591996623677,19.44324655182804,0.0,0.0,0.99,8,exponential
q_learning,shaped_seed2,shaped,2,3d29f3ca91,37,225,-127.74999999999959,-199.37162162162204,0.9286028829187744,0.15,0,out_of_energy,0,0,1,0,100,0,0,0,0,44,0.5189505930802643,21.05,0.0,0.0,0.99,8,exponential
q_learning,shaped_seed2,shaped,2,3d29f3ca91,38,225,-130.7499999999996,-197.56578947368462,0.9267456771529368,0.15,0,out_of_energy,0,0,1,0,100,1,0,0,0,36,0.6255821362017443,19.439124518924118,0.0,0.0,0.99,8,exponential
q_learning,shaped_seed2,shaped,2,3d29f3ca91,39,225,-280.25000000000057,-199.68589743589786,0.9248921857986309,0.15,0,out_of_energy,0,0,1,0,97,31,0,0,0,56,1.206271127442104,20.754065260587872,0.0,0.0,0.99,8,exponential
q_learning,shaped_seed2,shaped,2,3d29f3ca91,40,225,-174.24999999999997,-199.05000000000035,0.9230424014270336,0.15,0,out_of_energy,0,0,1,0,97,10,0,0,0,32,0.6289116759087475,20.542895244761965,0.0,0.0,0.99,8,exponential
q_learning,shaped_seed2,shaped,2,3d29f3ca91,41,225,-145.24999999999955,-197.73780487804913,0.9211963166241796,0.15,0,out_of_energy,0,0,1,0,109,1,0,0,0,46,0.5598097243648071,19.72364375,0.0,0.0,0.99,8,exponential
q_learning,shaped_seed2,shaped,2,3d29f3ca91,42,225,-121.24999999999957,-195.91666666666703,0.9193539239909312,0.15,0,out_of_energy,0,0,1,0,91,2,0,0,0,46,0.7248635181564352,20.983625,0.0,0.0,0.99,8,exponential
q_learning,shaped_seed2,shaped,2,3d29f3ca91,43,225,-147.24999999999955,-194.78488372093057,0.9175152161429493,0.15,0,out_of_energy,0,0,1,0,105,4,0,0,0,41,0.6799929757713454,20.666493516800166,0.0,0.0,0.99,8,exponential
q_learning,shaped_seed2,shaped,2,3d29f3ca91,44,225,-186.24999999999991,-194.59090909090943,0.9156801857106633,0.15,0,out_of_energy,0,0,1,0,99,12,0,0,0,54,0.734593020098765,20.25186477027162,0.0,0.0,0.99,8,exponential
q_learning,shaped_seed2,shaped,2,3d29f3ca91,45,225,-195.25000000000105,-194.60555555555592,0.913848825339242,0.15,0,out_of_energy,0,0,1,0,99,15,0,0,0,40,0.7110336718213286,20.764332189125,0.0,0.0,0.99,8,exponential
q_learning,shaped_seed2,shaped,2,3d29f3ca91,46,225,-153.7499999999998,-193.71739130434818,0.9120211276885636,0.15,0,out_of_energy,0,0,1,0,98,5,0,0,0,51,0.6100478741559126,20.80081119192785,0.0,0.0,0.99,8,exponential
q_learning,shaped_seed2,shaped,2,3d29f3ca91,47,225,-133.7499999999997,-192.44148936170248,0.9101970854331864,0.15,0,out_of_energy,0,0,1,0,80,5,0,0,0,33,0.6016893785663459,20.40294764283469,0.0,0.0,0.99,8,exponential
q_learning,shaped_seed2,shaped,2,3d29f3ca91,48,225,-139.74999999999955,-191.3437500000003,0.9083766912623201,0.15,0,out_of_energy,0,0,1,0,90,4,0,0,0,36,0.5977316615025998,20.400222904675573,0.0,0.0,0.99,8,exponential
q_learning,shaped_seed2,shaped,2,3d29f3ca91,49,225,-137.24999999999955,-190.23979591836763,0.9065599378797955,0.15,0,out_of_energy,0,0,1,0,111,1,0,0,0,43,0.503038947707026,18.31263436282076,0.0,0.0,0.99,8,exponential
q_learning,shaped_seed2,shaped,2,3d29f3ca91,50,225,-144.24999999999955,-189.32000000000028,0.9047468180040359,0.15,0,out_of_energy,0,0,1,0,117,2,0,0,0,48,0.6382109147869444,19.5509376875,0.0,0.0,0.99,8,exponential
q_learning,shaped_seed2,shaped,2,3d29f3ca91,51,225,-185.25000000000003,-189.24019607843167,0.9029373243680279,0.15,0,out_of_energy,0,0,1,0,89,14,0,0,0,39,0.6835909554018521,21.131726387612623,0.0,0.0,0.99,8,exponential
q_learning,shaped_seed2,shaped,2,3d29f3ca91,52,225,-167.25000000000014,-188.81730769230796,0.9011314497192918,0.15,0,out_of_energy,0,0,1,0,85,11,0,0,0,38,0.6911628670193145,19.82844136651344,0.0,0.0,0.99,8,exponential
q_learning,shaped_seed2,shaped,2,3d29f3ca91,53,225,-146.2499999999996,-188.0141509433965,0.8993291868198532,0.15,0,out_of_energy,0,0,1,0,103,4,0,0,0,44,0.585404730424756,20.003060559116616,0.0,0.0,0.99,8,exponential
q_learning,shaped_seed2,shaped,2,3d29f3ca91,54,225,-176.75000000000017,-187.80555555555583,0.8975305284462135,0.15,0,out_of_energy,0,0,1,0,106,9,0,0,0,40,0.6147124159882116,18.10829365676105,0.0,0.0,0.99,8,exponential
q_learning,shaped_seed2,shaped,2,3d29f3ca91,55,225,-171.25000000000026,-187.5045454545457,0.8957354673893211,0.15,0,out_of_energy,0,0,1,0,93,12,0,0,0,46,0.7486050839645465,19.683594654763567,0.0,0.0,0.99,8,exponential
q_learning,shaped_seed2,shaped,2,3d29f3ca91,56,225,-137.74999999999955,-186.61607142857164,0.8939439964545425,0.15,0,out_of_energy,0,0,1,0,104,1,0,0,0,61,0.6423906978559637,20.833625,0.0,0.0,0.99,8,exponential
q_learning,shaped_seed2,shaped,2,3d29f3ca91,57,225,-158.7499999999998,-186.12719298245636,0.8921561084616334,0.15,0,out_of_energy,0,0,1,0,114,2,0,0,0,52,0.7034008418562581,20.95989875,0.0,0.0,0.99,8,exponential
q_learning,shaped_seed2,shaped,2,3d29f3ca91,58,225,-182.2500000000004,-186.06034482758642,0.8903717962447101,0.15,0,out_of_energy,0,0,1,0,103,9,0,0,0,49,0.657140997695234,19.63594096840956,0.0,0.0,0.99,8,exponential
q_learning,shaped_seed2,shaped,2,3d29f3ca91,59,225,-255.2500000000016,-187.23305084745786,0.8885910526522206,0.15,0,out_of_energy,0,0,1,0,83,28,0,0,0,50,1.0212463370164921,21.243089331723354,0.0,0.0,0.99,8,exponential
q_learning,shaped_seed2,shaped,2,3d29f3ca91,60,225,-195.25000000000065,-187.3666666666669,0.8868138705469162,0.15,0,out_of_energy,0,0,1,0,87,14,0,0,0,44,0.9521854324070875,20.2712889375,0.0,0.0,0.99,8,exponential
q_learning,shaped_seed2,shaped,2,3d29f3ca91,61,225,-189.25000000000057,-187.3975409836068,0.8850402428058224,0.15,0,out_of_energy,0,0,1,0,101,13,0,0,0,50,0.8294125631568793,20.400755860445873,0.0,0.0,0.99,8,exponential
q_learning,shaped_seed2,shaped,2,3d29f3ca91,62,225,-219.75000000000153,-187.91935483870995,0.8832701623202107,0.15,0,out_of_energy,0,0,1,0,98,18,0,0,0,48,0.7609155249445764,19.40842744900889,0.0,0.0,0.99,8,exponential
q_learning,shaped_seed2,shaped,2,3d29f3ca91,63,225,-138.74999999999952,-187.13888888888914,0.8815036219955703,0.15,0,out_of_energy,0,0,1,0,84,4,0,0,0,46,0.6404753697152691,20.47684452171875,0.0,0.0,0.99,8,exponential
q_learning,shaped_seed2,shaped,2,3d29f3ca91,64,225,-276.7500000000011,-188.53906250000028,0.8797406147515792,0.15,0,out_of_energy,0,0,1,0,94,30,0,0,0,45,1.2046393086099916,20.4675,0.0,0.0,0.99,8,exponential
q_learning,shaped_seed2,shaped,2,3d29f3ca91,65,225,-207.74999999999986,-188.83461538461566,0.877981133522076,0.15,0,out_of_energy,0,0,1,0,112,16,0,0,0,45,0.8887826610397461,19.6175,0.0,0.0,0.99,8,exponential
q_learning,shaped_seed2,shaped,2,3d29f3ca91,66,225,-186.75000000000026,-188.80303030303057,0.8762251712550319,0.15,0,out_of_energy,0,0,1,0,106,10,0,0,0,50,0.6827765497570535,19.796774541366815,0.0,0.0,0.99,8,exponential
q_learning,shaped_seed2,shaped,2,3d29f3ca91,67,225,-138.24999999999957,-188.04850746268684,0.8744727209125218,0.15,0,out_of_energy,0,0,1,0,101,2,0,0,0,36,0.5370853176280247,17.47329713684363,0.0,0.0,0.99,8,exponential
q_learning,shaped_seed2,shaped,2,3d29f3ca91,68,225,-139.24999999999963,-187.33088235294144,0.8727237754706968,0.15,0,out_of_energy,0,0,1,0,109,0,0,0,0,43,0.5144637533106682,20.235369448562974,0.0,0.0,0.99,8,exponential
q_learning,shaped_seed2,shaped,2,3d29f3ca91,69,225,-123.7499999999996,-186.40942028985535,0.8709783279197554,0.15,0,out_of_energy,0,0,1,0,94,0,0,0,0,43,0.47409658501615176,18.196174268948134,0.0,0.0,0.99,8,exponential
q_learning,shaped_seed2,shaped,2,3d29f3ca91,70,225,-268.7500000000001,-187.58571428571454,0.8692363712639158,0.15,0,out_of_energy,0,0,1,0,86,31,0,0,0,42,0.8235687561713497,19.373328988733526,0.0,0.0,0.99,8,exponential
q_learning,shaped_seed2,shaped,2,3d29f3ca91,71,225,-127.24999999999949,-186.73591549295801,0.867497898521388,0.15,0,out_of_energy,0,0,1,0,100,5,0,0,1,35,0.7245549807547311,19.5171876875,0.0,0.0,0.99,8,exponential
q_learning,shaped_seed2,shaped,2,3d29f3ca91,72,225,-144.7499999999995,-186.152777777778,0.8657629027243453,0.15,0,out_of_energy,0,0,1,0,112,1,0,0,0,50,0.562490226800649,19.498151608517436,0.0,0.0,0.99,8,exponential
q_learning,shaped_seed2,shaped,2,3d29f3ca91,73,225,-126.74999999999955,-185.33904109589062,0.8640313769188966,0.15,0,out_of_energy,0,0,1,0,98,2,0,0,0,43,0.5239281321060613,19.71434716456247,0.0,0.0,0.99,8,exponential
q_learning,shaped_seed2,shaped,2,3d29f3ca91,74,225,-168.7499999999999,-185.1148648648651,0.8623033141650589,0.15,0,out_of_energy,0,0,1,0,96,9,0,0,0,44,0.6326769413023903,17.290917098866203,0.0,0.0,0.99,8,exponential
q_learning,shaped_seed2,shaped,2,3d29f3ca91,75,225,-120.7499999999996,-184.2566666666669,0.8605787075367288,0.15,0,out_of_energy,0,0,1,0,98,1,0,0,0,47,0.6075466522754946,20.678092659776564,0.0,0.0,0.99,8,exponential
q_learning,shaped_seed2,shaped,2,3d29f3ca91,76,225,-119.7499999999996,-183.4078947368423,0.8588575501216553,0.15,0,out_of_energy,0,0,1,0,90,0,0,0,0,45,0.5231381308128852,19.911964178473625,0.0,0.0,0.99,8,exponential
q_learning,shaped_seed2,shaped,2,3d29f3ca91,77,225,-130.24999999999966,-182.7175324675327,0.857139835021412,0.15,0,out_of_energy,0,0,1,0,89,2,0,0,0,53,0.560816179702148,20.100323531814016,0.0,0.0,0.99,8,exponential
q_learning,shaped_seed2,shaped,2,3d29f3ca91,78,225,-178.75000000000082,-182.66666666666688,0.8554255553513692,0.15,0,out_of_energy,0,0,1,0,96,12,0,0,0,49,0.7314266278614605,20.684000485199558,0.0,0.0,0.99,8,exponential
q_learning,shaped_seed2,shaped,2,3d29f3ca91,79,225,-147.24999999999955,-182.21835443037995,0.8537147042406664,0.15,0,out_of_energy,0,0,1,0,107,2,0,0,0,46,0.5462522141960285,19.72307836499739,0.0,0.0,0.99,8,exponential
q_learning,shaped_seed2,shaped,2,3d29f3ca91,80,225,-151.2499999999996,-181.83125000000018,0.8520072748321851,0.15,0,out_of_energy,0,0,1,0,85,7,0,0,0,44,0.5612047948252703,20.35210405518628,0.0,0.0,0.99,8,exponential
q_learning,shaped_seed2,shaped,2,3d29f3ca91,81,225,-141.24999999999946,-181.33024691358042,0.8503032602825207,0.15,0,out_of_energy,0,0,1,0,93,4,0,0,0,44,0.5236766330846351,19.356839659534334,0.0,0.0,0.99,8,exponential
q_learning,shaped_seed2,shaped,2,3d29f3ca91,82,225,-188.7500000000005,-181.42073170731726,0.8486026537619556,0.15,0,out_of_energy,0,0,1,0,110,11,0,0,0,44,0.7200096774137498,20.038816790613524,0.0,0.0,0.99,8,exponential
q_learning,shaped_seed2,shaped,2,3d29f3ca91,83,225,-133.7499999999996,-180.84638554216886,0.8469054484544317,0.15,0,out_of_energy,0,0,1,0,84,4,0,0,0,42,0.5142777838907007,20.361831812692643,0.0,0.0,0.99,8,exponential
q_learning,shaped_seed2,shaped,2,3d29f3ca91,84,225,-126.74999999999966,-180.20238095238113,0.8452116375575228,0.15,0,out_of_energy,0,0,1,0,90,1,0,0,0,44,0.5285200737170348,19.897473263637984,0.0,0.0,0.99,8,exponential
q_learning,shaped_seed2,shaped,2,3d29f3ca91,85,225,-157.74999999999974,-179.93823529411782,0.8435212142824078,0.15,0,out_of_energy,0,0,1,0,96,9,0,0,0,45,0.8292768340048327,20.18762115781739,0.0,0.0,0.99,8,exponential
q_learning,shaped_seed2,shaped,2,3d29f3ca91,86,225,-134.7499999999996,-179.41279069767458,0.841834171853843,0.15,0,out_of_energy,0,0,1,0,100,3,0,0,0,49,0.5713199437857068,16.7988471875,0.0,0.0,0.99,8,exponential
q_learning,shaped_seed2,shaped,2,3d29f3ca91,87,225,-130.24999999999955,-178.84770114942546,0.8401505035101353,0.15,0,out_of_energy,0,0,1,0,99,0,0,0,0,44,0.4220114375232968,17.801856197300506,0.0,0.0,0.99,8,exponential
q_learning,shaped_seed2,shaped,2,3d29f3ca91,88,225,-183.75000000000068,-178.90340909090924,0.838470202503115,0.15,0,out_of_energy,0,0,1,0,94,14,0,0,0,48,0.7936315454411184,20.362591271862733,0.0,0.0,0.99,8,exponential
q_learning,shaped_seed2,shaped,2,3d29f3ca91,89,225,-223.25000000000074,-179.40168539325856,0.8367932620981088,0.15,0,out_of_energy,0,0,1,0,95,19,0,0,0,51,0.860032052260685,20.56998910242635,0.0,0.0,0.99,8,exponential
q_learning,shaped_seed2,shaped,2,3d29f3ca91,90,225,-192.75000000000028,-179.55000000000015,0.8351196755739125,0.15,0,out_of_energy,0,0,1,0,84,18,0,0,0,46,0.8221687665740213,17.862735184900146,0.0,0.0,0.99,8,exponential
q_learning,shaped_seed2,shaped,2,3d29f3ca91,91,225,-197.75000000000097,-179.75000000000017,0.8334494362227647,0.15,0,out_of_energy,0,0,1,0,102,15,0,0,0,46,0.7453558949792748,20.42684579983224,0.0,0.0,0.99,8,exponential
q_learning,shaped_seed2,shaped,2,3d29f3ca91,92,225,-160.7500000000001,-179.54347826086973,0.8317825373503192,0.15,0,out_of_energy,0,0,1,0,100,8,0,0,0,41,0.5619821064882291,19.555815835357915,0.0,0.0,0.99,8,exponential
q_learning,shaped_seed2,shaped,2,3d29f3ca91,93,225,-133.24999999999963,-179.04569892473134,0.8301189722756185,0.15,0,out_of_energy,0,0,1,0,97,4,0,0,0,45,0.5610799209511979,19.86731455394644,0.0,0.0,0.99,8,exponential
q_learning,shaped_seed2,shaped,2,3d29f3ca91,94,225,-133.24999999999957,-178.55851063829803,0.8284587343310672,0.15,0,out_of_energy,0,0,1,0,103,2,0,0,0,61,0.6708550209212458,16.80820258108332,0.0,0.0,0.99,8,exponential
q_learning,shaped_seed2,shaped,2,3d29f3ca91,95,225,-164.75,-178.413157894737,0.8268018168624051,0.15,0,out_of_energy,0,0,1,0,78,11,0,0,0,49,0.6479333362440877,19.94794135952925,0.0,0.0,0.99,8,exponential
q_learning,shaped_seed2,shaped,2,3d29f3ca91,96,225,-192.74999999999974,-178.56250000000014,0.8251482132286803,0.15,0,out_of_energy,0,0,1,0,91,20,0,0,1,48,0.9658873309366022,23.8675,0.0,0.0,0.99,8,exponential
q_learning,shaped_seed2,shaped,2,3d29f3ca91,97,225,-133.74999999999955,-178.10051546391767,0.823497916802223,0.15,0,out_of_energy,0,0,1,0,104,2,0,0,0,50,0.65043939075526,20.413047524288004,0.0,0.0,0.99,8,exponential
q_learning,shaped_seed2,shaped,2,3d29f3ca91,98,225,-138.74999999999955,-177.6989795918369,0.8218509209686186,0.15,0,out_of_energy,0,0,1,0,90,4,0,0,0,43,0.6638350007023031,20.892500000000002,0.0,0.0,0.99,8,exponential
q_learning,shaped_seed2,shaped,2,3d29f3ca91,99,225,-212.25000000000085,-178.04797979797993,0.8202072191266814,0.15,0,out_of_energy,0,0,1,0,95,18,0,0,0,49,0.6743471665042516,20.052462800571124,0.0,0.0,0.99,8,exponential
q_learning,shaped_seed2,shaped,2,3d29f3ca91,100,225,-139.24999999999963,-177.66000000000014,0.818566804688428,0.15,0,out_of_energy,0,0,1,0,91,4,0,0,0,48,0.5814261430137895,18.865478312267157,0.0,0.0,0.99,8,exponential
q_learning,shaped_seed2,shaped,2,3d29f3ca91,101,225,-118.24999999999963,-176.0700000000001,0.8169296710790511,0.15,0,out_of_energy,0,0,1,0,100,3,0,0,1,45,0.7498771437903528,20.492748671621253,0.0,0.0,0.99,8,exponential
q_learning,shaped_seed2,shaped,2,3d29f3ca91,102,225,-131.7499999999995,-175.7200000000001,0.815295811736893,0.15,0,out_of_energy,0,0,1,0,94,4,0,0,0,47,0.6560959007040483,20.643389616642224,0.0,0.0,0.99,8,exponential
q_learning,shaped_seed2,shaped,2,3d29f3ca91,103,225,-169.25000000000023,-174.8450000000001,0.8136652201134192,0.15,0,out_of_energy,0,0,1,0,97,8,0,0,0,49,0.6475047848574448,19.906915679246133,0.0,0.0,0.99,8,exponential
q_learning,shaped_seed2,shaped,2,3d29f3ca91,104,225,-135.7499999999995,-173.56000000000006,0.8120378896731923,0.15,0,out_of_energy,0,0,1,0,92,5,0,0,0,43,0.5935805285584335,19.663650900574627,0.0,0.0,0.99,8,exponential
q_learning,shaped_seed2,shaped,2,3d29f3ca91,105,225,-118.74999999999962,-173.10000000000008,0.8104138138938459,0.15,0,out_of_energy,0,0,1,0,86,1,0,0,0,38,0.49536905257268626,20.480851003910146,0.0,0.0,0.99,8,exponential
q_learning,shaped_seed2,shaped,2,3d29f3ca91,106,225,-157.74999999999966,-173.37500000000009,0.8087929862660582,0.15,0,out_of_energy,0,0,1,0,80,10,0,0,0,41,0.6247302104755244,17.872847920894895,0.0,0.0,0.99,8,exponential
q_learning,shaped_seed2,shaped,2,3d29f3ca91,107,225,-140.24999999999952,-171.77000000000007,0.8071754002935261,0.15,0,out_of_energy,0,0,1,0,77,7,0,0,0,36,0.48306058553834585,18.409218161660643,0.0,0.0,0.99,8,exponential
q_learning,shaped_seed2,shaped,2,3d29f3ca91,108,225,-181.75000000000028,-171.5300000000001,0.805561049492939,0.15,0,out_of_energy,0,0,1,0,102,10,0,0,0,44,0.620879418824627,20.174166545836457,0.0,0.0,0.99,8,exponential
q_learning,shaped_seed2,shaped,2,3d29f3ca91,109,225,-144.7499999999995,-171.50000000000009,0.8039499273939532,0.15,0,out_of_energy,0,0,1,0,95,10,0,0,1,42,0.8408207214537088,21.05,0.0,0.0,0.99,8,exponential
q_learning,shaped_seed2,shaped,2,3d29f3ca91,110,225,-159.25,-171.62000000000006,0.8023420275391653,0.15,0,out_of_energy,0,0,1,0,103,7,0,0,0,37,0.492005517477915,17.894801389934607,0.0,0.0,0.99,8,exponential
q_learning,shaped_seed2,shaped,2,3d29f3ca91,111,225,-132.24999999999952,-171.06500000000003,0.800737343484087,0.15,0,out_of_energy,0,0,1,0,95,3,0,0,0,43,0.5411833670635618,20.617770597041652,0.0,0.0,0.99,8,exponential
q_learning,shaped_seed2,shaped,2,3d29f3ca91,112,225,-118.7499999999996,-170.64000000000007,0.7991358687971188,0.15,0,out_of_energy,0,0,1,0,90,1,0,0,0,39,0.4596149586677053,20.372474710172998,0.0,0.0,0.99,8,exponential
q_learning,shaped_seed2,shaped,2,3d29f3ca91,113,225,-154.24999999999983,-170.84500000000008,0.7975375970595246,0.15,0,out_of_energy,0,0,1,0,89,7,0,0,0,41,0.504582999429145,19.747823022973012,0.0,0.0,0.99,8,exponential
q_learning,shaped_seed2,shaped,2,3d29f3ca91,114,225,-152.24999999999983,-170.08000000000007,0.7959425218654056,0.15,0,out_of_energy,0,0,1,0,97,6,0,0,0,41,0.5134717065207951,19.887613894708558,0.0,0.0,0.99,8,exponential
q_learning,shaped_seed2,shaped,2,3d29f3ca91,115,225,-174.25000000000043,-169.44500000000005,0.7943506368216747,0.15,0,out_of_energy,0,0,1,0,89,11,0,0,0,45,0.6967066431693115,18.945334472330515,0.0,0.0,0.99,8,exponential
q_learning,shaped_seed2,shaped,2,3d29f3ca91,116,225,-147.24999999999957,-168.225,0.7927619355480314,0.15,0,out_of_energy,0,0,1,0,99,5,0,0,0,49,0.5763370156580214,20.09885771064603,0.0,0.0,0.99,8,exponential
q_learning,shaped_seed2,shaped,2,3d29f3ca91,117,225,-164.7499999999999,-167.645,0.7911764116769353,0.15,0,out_of_energy,0,0,1,0,98,10,0,0,0,39,0.7435949885064553,20.76532347897588,0.0,0.0,0.99,8,exponential
q_learning,shaped_seed2,shaped,2,3d29f3ca91,118,225,-150.24999999999955,-166.77,0.7895940588535815,0.15,0,out_of_energy,0,0,1,0,98,10,0,0,1,45,0.84471481153273,18.288875069674923,0.0,0.0,0.99,8,exponential
q_learning,shaped_seed2,shaped,2,3d29f3ca91,119,225,-132.2499999999995,-166.53,0.7880148707358743,0.15,0,out_of_energy,0,0,1,0,99,2,0,0,0,52,0.5469278090657379,18.06666090562391,0.0,0.0,0.99,8,exponential
q_learning,shaped_seed2,shaped,2,3d29f3ca91,120,225,-130.24999999999955,-165.86999999999998,0.7864388409944025,0.15,0,out_of_energy,0,0,1,0,95,1,0,0,0,36,0.4405047606561018,19.946757490787828,0.0,0.0,0.99,8,exponential
q_learning,shaped_seed2,shaped,2,3d29f3ca91,121,225,-138.2499999999997,-165.32999999999996,0.7848659633124138,0.15,0,out_of_energy,0,0,1,0,81,8,0,0,0,44,0.603222785498052,17.150524957129498,0.0,0.0,0.99,8,exponential
q_learning,shaped_seed2,shaped,2,3d29f3ca91,122,225,-125.74999999999957,-164.94499999999996,0.783296231385789,0.15,0,out_of_energy,0,0,1,0,76,5,0,0,0,46,0.5164328634189778,17.848921756627668,0.0,0.0,0.99,8,exponential
q_learning,shaped_seed2,shaped,2,3d29f3ca91,123,225,-168.7499999999999,-164.14499999999995,0.7817296389230174,0.15,0,out_of_energy,0,0,1,0,90,13,0,0,0,46,0.7962662683179744,19.392500000000002,0.0,0.0,0.99,8,exponential
q_learning,shaped_seed2,shaped,2,3d29f3ca91,124,225,-133.2499999999995,-164.10999999999996,0.7801661796451713,0.15,0,out_of_energy,0,0,1,0,94,8,0,0,1,49,0.7347348870484557,19.674875,0.0,0.0,0.99,8,exponential
q_learning,shaped_seed2,shaped,2,3d29f3ca91,125,225,-268.7500000000005,-164.24999999999997,0.778605847285881,0.15,0,out_of_energy,0,0,1,0,106,26,0,0,0,51,1.0652071335586437,24.371125,0.0,0.0,0.99,8,exponential
q_learning,shaped_seed2,shaped,2,3d29f3ca91,126,225,-148.7499999999996,-163.84999999999994,0.7770486355913092,0.15,0,out_of_energy,0,0,1,0,94,6,0,0,0,32,0.5112754510981179,19.996817413857993,0.0,0.0,0.99,8,exponential
q_learning,shaped_seed2,shaped,2,3d29f3ca91,127,225,-125.74999999999957,-162.74999999999991,0.7754945383201266,0.15,0,out_of_energy,0,0,1,0,94,0,0,0,0,52,0.5175598747116645,20.29335683022525,0.0,0.0,0.99,8,exponential
q_learning,shaped_seed2,shaped,2,3d29f3ca91,128,225,-123.24999999999962,-162.38999999999993,0.7739435492434863,0.15,0,out_of_energy,0,0,1,0,93,1,0,0,0,51,0.4844867716847313,20.434087542951236,0.0,0.0,0.99,8,exponential
q_learning,shaped_seed2,shaped,2,3d29f3ca91,129,225,-135.2499999999996,-162.21999999999994,0.7723956621449993,0.15,0,out_of_energy,0,0,1,0,77,7,0,0,0,37,0.5450433608247162,19.978981661625653,0.0,0.0,0.99,8,exponential
q_learning,shaped_seed2,shaped,2,3d29f3ca91,130,225,-171.7500000000005,-160.48499999999993,0.7708508708207094,0.15,0,out_of_energy,0,0,1,0,86,13,0,0,0,52,0.6655009741570969,19.852693081529797,0.0,0.0,0.99,8,exponential
q_learning,shaped_seed2,shaped,2,3d29f3ca91,131,225,-177.75000000000014,-160.18499999999992,0.769309169079068,0.15,0,out_of_energy,0,0,1,0,78,14,0,0,0,35,0.6789955276456047,18.517943518823156,0.0,0.0,0.99,8,exponential
q_learning,shaped_seed2,shaped,2,3d29f3ca91,132,225,-146.74999999999957,-159.7249999999999,0.7677705507409098,0.15,0,out_of_energy,0,0,1,0,92,8,0,0,0,50,0.6516569973898148,18.76832044408332,0.0,0.0,0.99,8,exponential
q_learning,shaped_seed2,shaped,2,3d29f3ca91,133,225,-129.74999999999957,-159.68499999999992,0.766235009639428,0.15,0,out_of_energy,0,0,1,0,84,5,0,0,0,40,0.5611594326405409,17.530219489611806,0.0,0.0,0.99,8,exponential
q_learning,shaped_seed2,shaped,2,3d29f3ca91,134,225,-145.7499999999996,-159.5699999999999,0.7647025396201492,0.15,0,out_of_energy,0,0,1,0,82,8,0,0,0,57,0.601267725933534,16.482134412381804,0.0,0.0,0.99,8,exponential
q_learning,shaped_seed2,shaped,2,3d29f3ca91,135,225,-139.7499999999996,-158.9549999999999,0.763173134540909,0.15,0,out_of_energy,0,0,1,0,80,6,0,0,0,42,0.47758960894899805,16.60353430148094,0.0,0.0,0.99,8,exponential
q_learning,shaped_seed2,shaped,2,3d29f3ca91,136,225,-126.74999999999962,-158.3699999999999,0.7616467882718272,0.15,0,out_of_energy,0,0,1,0,94,0,0,0,0,60,0.4769629643847091,21.201227832695125,0.0,0.0,0.99,8,exponential
q_learning,shaped_seed2,shaped,2,3d29f3ca91,137,225,-173.75000000000045,-158.8299999999999,0.7601234946952835,0.15,0,out_of_energy,0,0,1,0,90,11,0,0,0,48,0.5783059937844596,18.386993738907258,0.0,0.0,0.99,8,exponential
q_learning,shaped_seed2,shaped,2,3d29f3ca91,138,225,-141.74999999999955,-158.93999999999988,0.7586032477058929,0.15,0,out_of_energy,0,0,1,0,100,4,0,0,0,50,0.642405760188744,19.994059364399476,0.0,0.0,0.99,8,exponential
q_learning,shaped_seed2,shaped,2,3d29f3ca91,139,225,-154.24999999999966,-157.6799999999999,0.7570860412104812,0.15,0,out_of_energy,0,0,1,0,102,10,0,0,1,43,0.7671817868442251,20.2036229444484,0.0,0.0,0.99,8,exponential
q_learning,shaped_seed2,shaped,2,3d29f3ca91,140,225,-126.74999999999955,-157.2049999999999,0.7555718691280602,0.15,0,out_of_energy,0,0,1,0,96,1,0,0,0,41,0.4425337231793634,17.56914783760887,0.0,0.0,0.99,8,exponential
q_learning,shaped_seed2,shaped,2,3d29f3ca91,141,225,-129.24999999999955,-157.0449999999999,0.7540607253898041,0.15,0,out_of_energy,0,0,1,0,89,2,0,0,0,44,0.49729906333725565,19.370654886194945,0.0,0.0,0.99,8,exponential
q_learning,shaped_seed2,shaped,2,3d29f3ca91,142,225,-157.74999999999957,-157.40999999999988,0.7525526039390245,0.15,0,out_of_energy,0,0,1,0,90,7,0,0,0,50,0.6663521590374694,18.632918051101164,0.0,0.0,0.99,8,exponential
q_learning,shaped_seed2,shaped,2,3d29f3ca91,143,225,-118.2499999999996,-157.1199999999999,0.7510474987311464,0.15,0,out_of_energy,0,0,1,0,87,0,0,0,0,53,0.4748683062594408,19.774221262984078,0.0,0.0,0.99,8,exponential
q_learning,shaped_seed2,shaped,2,3d29f3ca91,144,225,-111.74999999999962,-156.3749999999999,0.7495454037336841,0.15,0,out_of_energy,0,0,1,0,76,3,0,0,0,56,0.5832456407967458,18.787250045990028,0.0,0.0,0.99,8,exponential
q_learning,shaped_seed2,shaped,2,3d29f3ca91,145,225,-138.7499999999996,-155.80999999999986,0.7480463129262167,0.15,0,out_of_energy,0,0,1,0,94,3,0,0,0,54,0.5185481008107947,18.438198475144343,0.0,0.0,0.99,8,exponential
q_learning,shaped_seed2,shaped,2,3d29f3ca91,146,225,-131.7499999999996,-155.58999999999986,0.7465502203003642,0.15,0,out_of_energy,0,0,1,0,96,1,0,0,0,54,0.5815301628680097,19.303179889282816,0.0,0.0,0.99,8,exponential
q_learning,shaped_seed2,shaped,2,3d29f3ca91,147,225,-127.74999999999956,-155.52999999999986,0.7450571198597635,0.15,0,out_of_energy,0,0,1,0,101,5,0,0,1,44,0.5955141865935213,20.263280889401408,0.0,0.0,0.99,8,exponential
q_learning,shaped_seed2,shaped,2,3d29f3ca91,148,225,-148.24999999999952,-155.61499999999987,0.743567005620044,0.15,0,out_of_energy,0,0,1,0,97,4,0,0,0,53,0.5646416835327502,20.192593736817507,0.0,0.0,0.99,8,exponential
q_learning,shaped_seed2,shaped,2,3d29f3ca91,149,225,-114.74999999999962,-155.38999999999987,0.7420798716088038,0.15,0,out_of_energy,0,0,1,0,84,0,0,0,0,55,0.494367721990775,19.788476268917613,0.0,0.0,0.99,8,exponential
q_learning,shaped_seed2,shaped,2,3d29f3ca91,150,225,-152.74999999999974,-155.47499999999988,0.7405957118655863,0.15,0,out_of_energy,0,0,1,0,82,11,0,0,0,38,0.7085650721859267,18.056715423646764,0.0,0.0,0.99,8,exponential
q_learning,shaped_seed2,shaped,2,3d29f3ca91,151,225,-154.7499999999997,-155.16999999999987,0.7391145204418551,0.15,0,out_of_energy,0,0,1,0,86,8,0,0,0,39,0.4803341776209749,16.917265057989262,0.0,0.0,0.99,8,exponential
q_learning,shaped_seed2,shaped,2,3d29f3ca91,152,225,-138.24999999999963,-154.87999999999985,0.7376362914009714,0.15,0,out_of_energy,0,0,1,0,85,4,0,0,0,45,0.5467160933260583,17.13496343859375,0.0,0.0,0.99,8,exponential
q_learning,shaped_seed2,shaped,2,3d29f3ca91,153,225,-117.24999999999979,-154.58999999999986,0.7361610188181695,0.15,0,out_of_energy,0,0,1,0,74,8,0,0,1,41,0.6741659881813136,20.416902151663958,0.0,0.0,0.99,8,exponential
q_learning,shaped_seed2,shaped,2,3d29f3ca91,154,225,-149.74999999999963,-154.31999999999985,0.7346886967805332,0.15,0,out_of_energy,0,0,1,0,80,7,0,0,0,48,0.600974031336575,20.22135255918494,0.0,0.0,0.99,8,exponential
q_learning,shaped_seed2,shaped,2,3d29f3ca91,155,225,-150.7499999999997,-154.11499999999987,0.733219319386972,0.15,0,out_of_energy,0,0,1,0,84,10,0,0,0,45,0.7601920869859883,20.09076459808975,0.0,0.0,0.99,8,exponential
q_learning,shaped_seed2,shaped,2,3d29f3ca91,156,225,-142.24999999999957,-154.15999999999985,0.7317528807481981,0.15,0,out_of_energy,0,0,1,0,102,8,0,0,1,41,0.664601476227255,20.315492705549484,0.0,0.0,0.99,8,exponential
q_learning,shaped_seed2,shaped,2,3d29f3ca91,157,225,-161.75,-154.18999999999986,0.7302893749867018,0.15,0,out_of_energy,0,0,1,0,94,9,0,0,0,46,0.7274115123988263,20.166476184074057,0.0,0.0,0.99,8,exponential
q_learning,shaped_seed2,shaped,2,3d29f3ca91,158,225,-149.7499999999997,-153.86499999999984,0.7288287962367284,0.15,0,out_of_energy,0,0,1,0,84,8,0,0,0,43,0.5327962425216035,19.92111642242456,0.0,0.0,0.99,8,exponential
q_learning,shaped_seed2,shaped,2,3d29f3ca91,159,225,-160.24999999999977,-152.91499999999982,0.727371138644255,0.15,0,out_of_energy,0,0,1,0,90,15,0,0,1,52,1.0310290181477755,20.55,0.0,0.0,0.99,8,exponential
q_learning,shaped_seed2,shaped,2,3d29f3ca91,160,225,-151.74999999999972,-152.47999999999982,0.7259163963669665,0.15,0,out_of_energy,0,0,1,0,98,8,0,0,0,51,0.7004534140750153,19.55,0.0,0.0,0.99,8,exponential
q_learning,shaped_seed2,shaped,2,3d29f3ca91,161,225,-131.7499999999996,-151.90499999999983,0.7244645635742325,0.15,0,out_of_energy,0,0,1,0,90,4,0,0,0,39,0.5221294494153764,18.361317970476865,0.0,0.0,0.99,8,exponential
q_learning,shaped_seed2,shaped,2,3d29f3ca91,162,225,-120.24999999999953,-150.90999999999977,0.723015634447084,0.15,0,out_of_energy,0,0,1,0,83,4,0,0,0,38,0.5934798241283145,20.59113877892285,0.0,0.0,0.99,8,exponential
q_learning,shaped_seed2,shaped,2,3d29f3ca91,163,225,-114.74999999999962,-150.6699999999998,0.7215696031781899,0.15,0,out_of_energy,0,0,1,0,95,5,0,0,1,37,0.6865696715338809,19.483625,0.0,0.0,0.99,8,exponential
q_learning,shaped_seed2,shaped,2,3d29f3ca91,164,225,-130.2499999999996,-149.20499999999979,0.7201264639718334,0.15,0,out_of_energy,0,0,1,0,91,5,0,0,0,40,0.5780006697322831,20.512964567406136,0.0,0.0,0.99,8,exponential
q_learning,shaped_seed2,shaped,2,3d29f3ca91,165,225,-130.74999999999963,-148.43499999999977,0.7186862110438897,0.15,0,out_of_energy,0,0,1,0,93,8,0,0,1,36,0.8291587110556452,20.55,0.0,0.0,0.99,8,exponential
q_learning,shaped_seed2,shaped,2,3d29f3ca91,166,225,-135.24999999999957,-147.9199999999998,0.717248838621802,0.15,0,out_of_energy,0,0,1,0,85,7,0,0,0,41,0.5098783109141435,19.09536969573233,0.0,0.0,0.99,8,exponential
q_learning,shaped_seed2,shaped,2,3d29f3ca91,167,225,-126.74999999999953,-147.80499999999978,0.7158143409445584,0.15,0,out_of_energy,0,0,1,0,72,7,0,0,0,41,0.6541702817956563,18.33207831604312,0.0,0.0,0.99,8,exponential
q_learning,shaped_seed2,shaped,2,3d29f3ca91,168,225,-161.75000000000006,-148.02999999999977,0.7143827122626694,0.15,0,out_of_energy,0,0,1,0,72,12,0,0,0,46,0.5910334448803636,19.62405989592545,0.0,0.0,0.99,8,exponential
q_learning,shaped_seed2,shaped,2,3d29f3ca91,169,225,-157.24999999999963,-148.36499999999978,0.7129539468381441,0.15,0,out_of_energy,0,0,1,0,91,10,0,0,0,49,0.6367892433376731,18.71617143412259,0.0,0.0,0.99,8,exponential
q_learning,shaped_seed2,shaped,2,3d29f3ca91,170,225,-173.2500000000003,-147.40999999999977,0.7115280389444678,0.15,0,out_of_energy,0,0,1,0,88,17,0,0,1,30,0.9055251955152884,19.81430946125387,0.0,0.0,0.99,8,exponential
q_learning,shaped_seed2,shaped,2,3d29f3ca91,171,225,-126.24999999999963,-147.39999999999975,0.7101049828665789,0.15,0,out_of_energy,0,0,1,0,91,3,0,0,0,41,0.5697699337664441,18.751634249203633,0.0,0.0,0.99,8,exponential
q_learning,shaped_seed2,shaped,2,3d29f3ca91,172,225,-123.74999999999959,-147.18999999999977,0.7086847729008457,0.15,0,out_of_energy,0,0,1,0,92,1,0,0,0,47,0.4552662357788791,19.891718434115415,0.0,0.0,0.99,8,exponential
q_learning,shaped_seed2,shaped,2,3d29f3ca91,173,225,-135.2499999999996,-147.27499999999978,0.707267403355044,0.15,0,out_of_energy,0,0,1,0,99,4,0,0,0,42,0.5907422494016082,19.202435808453732,0.0,0.0,0.99,8,exponential
q_learning,shaped_seed2,shaped,2,3d29f3ca91,174,225,-160.75000000000017,-147.1949999999998,0.705852868548334,0.15,0,out_of_energy,0,0,1,0,87,15,0,0,1,33,0.7885328960567926,20.455772053597958,0.0,0.0,0.99,8,exponential
q_learning,shaped_seed2,shaped,2,3d29f3ca91,175,225,-181.7500000000003,-147.80499999999978,0.7044411628112373,0.15,0,out_of_energy,0,0,1,0,84,14,0,0,0,41,0.8936856174751213,20.129722876711945,0.0,0.0,0.99,8,exponential
q_learning,shaped_seed2,shaped,2,3d29f3ca91,176,225,-119.24999999999959,-147.79999999999978,0.7030322804856147,0.15,0,out_of_energy,0,0,1,0,89,2,0,0,0,51,0.5481613916463,19.495245924368376,0.0,0.0,0.99,8,exponential
q_learning,shaped_seed2,shaped,2,3d29f3ca91,177,225,-112.7499999999996,-147.62499999999977,0.7016262159246435,0.15,0,out_of_energy,0,0,1,0,82,0,0,0,0,48,0.45071736622131237,19.556893323181626,0.0,0.0,0.99,8,exponential
q_learning,shaped_seed2,shaped,2,3d29f3ca91,178,225,-116.74999999999963,-147.00499999999977,0.7002229634927942,0.15,0,out_of_energy,0,0,1,0,86,0,0,0,0,42,0.40146111497672476,17.162755465346113,0.0,0.0,0.99,8,exponential
q_learning,shaped_seed2,shaped,2,3d29f3ca91,179,225,-123.74999999999959,-146.76999999999978,0.6988225175658086,0.15,0,out_of_energy,0,0,1,0,90,1,0,0,0,44,0.44159233179728136,18.900482096757404,0.0,0.0,0.99,8,exponential
q_learning,shaped_seed2,shaped,2,3d29f3ca91,180,225,-136.24999999999966,-146.61999999999978,0.697424872530677,0.15,0,out_of_energy,0,0,1,0,85,7,0,0,0,43,0.555960599096707,18.084922774218885,0.0,0.0,0.99,8,exponential
q_learning,shaped_seed2,shaped,2,3d29f3ca91,181,225,-134.24999999999952,-146.54999999999978,0.6960300227856157,0.15,0,out_of_energy,0,0,1,0,97,4,0,0,0,47,0.607401648965036,18.81479476407813,0.0,0.0,0.99,8,exponential
q_learning,shaped_seed2,shaped,2,3d29f3ca91,182,225,-135.7499999999996,-146.01999999999978,0.6946379627400444,0.15,0,out_of_energy,0,0,1,0,88,4,0,0,0,50,0.5646809337157782,19.160414772175372,0.0,0.0,0.99,8,exponential
q_learning,shaped_seed2,shaped,2,3d29f3ca91,183,225,-149.7499999999996,-146.17999999999975,0.6932486868145643,0.15,0,out_of_energy,0,0,1,0,90,6,0,0,0,45,0.6004954897513809,20.600561021135416,0.0,0.0,0.99,8,exponential
q_learning,shaped_seed2,shaped,2,3d29f3ca91,184,225,-116.74999999999963,-146.07999999999976,0.6918621894409351,0.15,0,out_of_energy,0,0,1,0,86,2,0,0,0,36,0.4795396614086396,16.49965960654392,0.0,0.0,0.99,8,exponential
q_learning,shaped_seed2,shaped,2,3d29f3ca91,185,225,-136.24999999999963,-145.86499999999975,0.6904784650620532,0.15,0,out_of_energy,0,0,1,0,99,4,0,0,0,54,0.590120671646726,18.854004083204618,0.0,0.0,0.99,8,exponential
q_learning,shaped_seed2,shaped,2,3d29f3ca91,186,225,-114.7499999999996,-145.66499999999976,0.6890975081319292,0.15,0,out_of_energy,0,0,1,0,76,2,0,0,0,41,0.38725265249789964,17.492309280595624,0.0,0.0,0.99,8,exponential
q_learning,shaped_seed2,shaped,2,3d29f3ca91,187,225,-123.7499999999997,-145.59999999999977,0.6877193131156653,0.15,0,out_of_energy,0,0,1,0,66,5,0,0,0,47,0.5179265719693421,20.614427630029095,0.0,0.0,0.99,8,exponential
q_learning,shaped_seed2,shaped,2,3d29f3ca91,188,225,-108.7499999999997,-144.84999999999974,0.6863438744894339,0.15,0,out_of_energy,0,0,1,0,84,1,0,0,0,45,0.5037861672929528,19.776349142806705,0.0,0.0,0.99,8,exponential
q_learning,shaped_seed2,shaped,2,3d29f3ca91,189,225,-149.2499999999996,-144.10999999999976,0.684971186740455,0.15,0,out_of_energy,0,0,1,0,69,10,0,0,0,47,0.6891858293194862,17.220946450506652,0.0,0.0,0.99,8,exponential
q_learning,shaped_seed2,shaped,2,3d29f3ca91,190,225,-152.24999999999955,-143.70499999999976,0.6836012443669741,0.15,0,out_of_energy,0,0,1,0,87,9,0,0,0,53,0.6328154838954844,18.161705318032052,0.0,0.0,0.99,8,exponential
q_learning,shaped_seed2,shaped,2,3d29f3ca91,191,225,-183.75000000000026,-143.5649999999997,0.6822340418782402,0.15,0,out_of_energy,0,0,1,0,81,20,0,0,1,39,0.9202474141555905,19.022892946573926,0.0,0.0,0.99,8,exponential
q_learning,shaped_seed2,shaped,2,3d29f3ca91,192,225,-125.24999999999957,-143.2099999999997,0.6808695737944838,0.15,0,out_of_energy,0,0,1,0,79,5,0,0,0,36,0.5024444799994143,18.483089504349834,0.0,0.0,0.99,8,exponential
q_learning,shaped_seed2,shaped,2,3d29f3ca91,193,225,-134.74999999999963,-143.2249999999997,0.6795078346468948,0.15,0,out_of_energy,0,0,1,0,85,10,0,0,1,47,0.8077518986506299,19.83288933041299,0.0,0.0,0.99,8,exponential
q_learning,shaped_seed2,shaped,2,3d29f3ca91,194,225,-103.74999999999966,-142.92999999999972,0.678148818977601,0.15,0,out_of_energy,0,0,1,0,74,0,0,0,0,40,0.4141652314911532,19.381503355671306,0.0,0.0,0.99,8,exponential
q_learning,shaped_seed2,shaped,2,3d29f3ca91,195,225,-108.74999999999962,-142.36999999999972,0.6767925213396458,0.15,0,out_of_energy,0,0,1,0,72,1,0,0,0,50,0.46716048937653504,18.148225364155984,0.0,0.0,0.99,8,exponential
q_learning,shaped_seed2,shaped,2,3d29f3ca91,196,225,-124.74999999999957,-141.6899999999997,0.6754389362969666,0.15,0,out_of_energy,0,0,1,0,94,0,0,0,0,42,0.46545523484871126,18.71311189870783,0.0,0.0,0.99,8,exponential
q_learning,shaped_seed2,shaped,2,3d29f3ca91,197,225,-118.74999999999964,-141.5399999999997,0.6740880584243727,0.15,0,out_of_energy,0,0,1,0,88,0,0,0,0,40,0.4492432402072619,19.48242265125713,0.0,0.0,0.99,8,exponential
q_learning,shaped_seed2,shaped,2,3d29f3ca91,198,225,-120.7499999999996,-141.3599999999997,0.6727398823075239,0.15,0,out_of_energy,0,0,1,0,77,9,0,0,1,39,0.6482435531178402,20.721900151654335,0.0,0.0,0.99,8,exponential
q_learning,shaped_seed2,shaped,2,3d29f3ca91,199,225,-106.74999999999966,-140.30499999999972,0.6713944025429088,0.15,0,out_of_energy,0,0,1,0,76,3,0,0,0,43,0.5083933974263979,17.177736190647252,0.0,0.0,0.99,8,exponential
q_learning,shaped_seed2,shaped,2,3d29f3ca91,200,225,-134.74999999999963,-140.2599999999997,0.670051613737823,0.15,0,out_of_energy,0,0,1,0,91,10,0,0,1,56,0.9202176184052253,21.05,0.0,0.0,0.99,8,exponential
q_learning,shaped_seed2,shaped,2,3d29f3ca91,201,225,-102.2499999999997,-140.0999999999997,0.6687115105103473,0.15,0,out_of_energy,0,0,1,0,85,0,0,0,0,48,0.5615913245354339,18.769646213985496,0.0,0.0,0.99,8,exponential
q_learning,shaped_seed2,shaped,2,3d29f3ca91,202,225,-181.74999999999997,-140.5999999999997,0.6673740874893266,0.15,0,out_of_energy,0,0,1,0,91,18,0,0,1,47,0.8528395903949245,20.466131916111426,0.0,0.0,0.99,8,exponential
q_learning,shaped_seed2,shaped,2,3d29f3ca91,203,225,-150.7499999999997,-140.4149999999997,0.6660393393143479,0.15,0,out_of_energy,0,0,1,0,82,10,0,0,0,36,0.5204204258317299,19.18374292903636,0.0,0.0,0.99,8,exponential
q_learning,shaped_seed2,shaped,2,3d29f3ca91,204,225,-117.24999999999967,-140.2299999999997,0.6647072606357192,0.15,0,out_of_energy,0,0,1,0,96,5,0,0,1,48,0.6244571737928717,20.96375140226094,0.0,0.0,0.99,8,exponential
q_learning,shaped_seed2,shaped,2,3d29f3ca91,205,225,-135.74999999999963,-140.39999999999972,0.6633778461144477,0.15,0,out_of_energy,0,0,1,0,89,10,0,0,1,46,0.800522084152715,20.537395566374826,0.0,0.0,0.99,8,exponential
q_learning,shaped_seed2,shaped,2,3d29f3ca91,206,225,-105.24999999999969,-139.87499999999972,0.6620510904222189,0.15,0,out_of_energy,0,0,1,0,77,2,0,0,0,48,0.5075085775086582,19.02900909230076,0.0,0.0,0.99,8,exponential
q_learning,shaped_seed2,shaped,2,3d29f3ca91,207,225,-108.74999999999967,-139.55999999999972,0.6607269882413744,0.15,0,out_of_energy,0,0,1,0,90,0,0,0,0,48,0.5400055920542284,19.29222158267474,0.0,0.0,0.99,8,exponential
q_learning,shaped_seed2,shaped,2,3d29f3ca91,208,225,-128.74999999999952,-139.02999999999972,0.6594055342648917,0.15,0,out_of_energy,0,0,1,0,85,8,0,0,1,41,0.6719253715436828,20.177736884074182,0.0,0.0,0.99,8,exponential
q_learning,shaped_seed2,shaped,2,3d29f3ca91,209,225,-116.24999999999972,-138.74499999999972,0.6580867231963619,0.15,0,out_of_energy,0,0,1,0,77,1,0,0,0,50,0.4737031898539161,20.58224337315501,0.0,0.0,0.99,8,exponential
q_learning,shaped_seed2,shaped,2,3d29f3ca91,210,225,-107.24999999999964,-138.2249999999997,0.6567705497499692,0.15,0,out_of_energy,0,0,1,0,83,1,0,0,0,40,0.5475336771559964,18.417626706556675,0.0,0.0,0.99,8,exponential
q_learning,shaped_seed2,shaped,2,3d29f3ca91,211,225,-148.2499999999995,-138.3849999999997,0.6554570086504692,0.15,0,out_of_energy,0,0,1,0,95,7,0,0,0,52,0.6085438248608688,16.806181489680906,0.0,0.0,0.99,8,exponential
q_learning,shaped_seed2,shaped,2,3d29f3ca91,212,225,-119.24999999999962,-138.3899999999997,0.6541460946331682,0.15,0,out_of_energy,0,0,1,0,74,9,0,0,1,34,0.5792192326183697,20.753862087246215,0.0,0.0,0.99,8,exponential
q_learning,shaped_seed2,shaped,2,3d29f3ca91,213,225,-154.24999999999977,-138.3899999999997,0.6528378024439019,0.15,0,out_of_energy,0,0,1,0,101,6,0,0,0,38,0.5584708087243186,20.199294707282093,0.0,0.0,0.99,8,exponential
q_learning,shaped_seed2,shaped,2,3d29f3ca91,214,225,-152.24999999999991,-138.3899999999997,0.6515321268390141,0.15,0,out_of_energy,0,0,1,0,77,9,0,0,0,44,0.6017642382798821,18.230526964966206,0.0,0.0,0.99,8,exponential
q_learning,shaped_seed2,shaped,2,3d29f3ca91,215,225,-99.24999999999976,-137.6399999999997,0.6502290625853361,0.15,0,out_of_energy,0,0,1,0,82,3,0,0,1,38,0.6815877340389145,19.354985156584963,0.0,0.0,0.99,8,exponential
q_learning,shaped_seed2,shaped,2,3d29f3ca91,216,225,-112.24999999999956,-137.2899999999997,0.6489286044601654,0.15,0,out_of_energy,0,0,1,0,93,0,0,0,0,44,0.5286746011183262,18.87961069545404,0.0,0.0,0.99,8,exponential
q_learning,shaped_seed2,shaped,2,3d29f3ca91,217,225,-113.24999999999964,-136.77499999999972,0.6476307472512451,0.15,0,out_of_energy,0,0,1,0,82,7,0,0,1,44,0.6796434185241067,19.653689602256943,0.0,0.0,0.99,8,exponential
q_learning,shaped_seed2,shaped,2,3d29f3ca91,218,225,-104.74999999999974,-136.31999999999968,0.6463354857567426,0.15,0,out_of_energy,0,0,1,0,82,1,0,0,0,46,0.5518585615201975,18.701225064017965,0.0,0.0,0.99,8,exponential
q_learning,shaped_seed2,shaped,2,3d29f3ca91,219,225,-139.74999999999963,-136.3949999999997,0.6450428147852291,0.15,0,out_of_energy,0,0,1,0,94,3,0,0,0,52,0.5488436712865677,18.972536924283204,0.0,0.0,0.99,8,exponential
q_learning,shaped_seed2,shaped,2,3d29f3ca91,220,225,-117.74999999999964,-136.2699999999997,0.6437527291556586,0.15,0,out_of_energy,0,0,1,0,72,3,0,0,0,44,0.5188323789034984,15.265166264371885,0.0,0.0,0.99,8,exponential
q_learning,shaped_seed2,shaped,2,3d29f3ca91,221,225,-158.24999999999974,-136.46999999999971,0.6424652236973473,0.15,0,out_of_energy,0,0,1,0,75,10,0,0,0,49,0.526022314132862,20.072687567235587,0.0,0.0,0.99,8,exponential
q_learning,shaped_seed2,shaped,2,3d29f3ca91,222,225,-102.74999999999956,-136.2399999999997,0.6411802932499525,0.15,0,out_of_energy,0,0,1,0,77,6,0,0,1,39,0.7661103763547983,20.226830896280305,0.0,0.0,0.99,8,exponential
q_learning,shaped_seed2,shaped,2,3d29f3ca91,223,225,-133.24999999999955,-135.8849999999997,0.6398979326634526,0.15,0,out_of_energy,0,0,1,0,69,8,0,0,0,41,0.5675970951810361,20.491393293521714,0.0,0.0,0.99,8,exponential
q_learning,shaped_seed2,shaped,2,3d29f3ca91,224,225,-118.74999999999957,-135.7399999999997,0.6386181367981257,0.15,0,out_of_energy,0,0,1,0,96,1,0,0,0,46,0.555924427100837,17.93685993597222,0.0,0.0,0.99,8,exponential
q_learning,shaped_seed2,shaped,2,3d29f3ca91,225,225,-113.74999999999964,-134.1899999999997,0.6373409005245295,0.15,0,out_of_energy,0,0,1,0,80,0,0,0,0,48,0.5305725911749818,19.964250812984567,0.0,0.0,0.99,8,exponential
q_learning,shaped_seed2,shaped,2,3d29f3ca91,226,225,-106.74999999999962,-133.7699999999997,0.6360662187234805,0.15,0,out_of_energy,0,0,1,0,84,1,0,0,0,40,0.4911787680484436,17.734481404778982,0.0,0.0,0.99,8,exponential
q_learning,shaped_seed2,shaped,2,3d29f3ca91,227,225,-113.24999999999967,-133.6449999999997,0.6347940862860335,0.15,0,out_of_energy,0,0,1,0,81,2,0,0,0,47,0.5671042697955951,19.751852945724224,0.0,0.0,0.99,8,exponential
q_learning,shaped_seed2,shaped,2,3d29f3ca91,228,225,-105.74999999999967,-133.46999999999971,0.6335244981134615,0.15,0,out_of_energy,0,0,1,0,82,1,0,0,0,49,0.5703658298532935,18.391590524154864,0.0,0.0,0.99,8,exponential
q_learning,shaped_seed2,shaped,2,3d29f3ca91,229,225,-95.24999999999964,-133.0699999999997,0.6322574491172346,0.15,0,out_of_energy,0,0,1,0,74,4,0,0,1,36,0.5866128180546348,20.69815090811216,0.0,0.0,0.99,8,exponential
q_learning,shaped_seed2,shaped,2,3d29f3ca91,230,225,-138.2499999999996,-132.73499999999967,0.6309929342190002,0.15,0,out_of_energy,0,0,1,0,91,5,0,0,0,56,0.5663327945198146,20.568534887500537,0.0,0.0,0.99,8,exponential
q_learning,shaped_seed2,shaped,2,3d29f3ca91,231,225,-108.74999999999966,-132.0449999999997,0.6297309483505622,0.15,0,out_of_energy,0,0,1,0,78,0,0,0,0,43,0.5042594115467164,14.398156362306942,0.0,0.0,0.99,8,exponential
q_learning,shaped_seed2,shaped,2,3d29f3ca91,232,225,-119.24999999999956,-131.76999999999967,0.6284714864538611,0.15,0,out_of_energy,0,0,1,0,75,6,0,0,0,40,0.5449264317378755,19.158607534384142,0.0,0.0,0.99,8,exponential
q_learning,shaped_seed2,shaped,2,3d29f3ca91,233,225,-141.7499999999995,-131.8899999999997,0.6272145434809534,0.15,0,out_of_energy,0,0,1,0,76,7,0,0,0,43,0.48618551102191293,16.560059253568564,0.0,0.0,0.99,8,exponential
q_learning,shaped_seed2,shaped,2,3d29f3ca91,234,225,-116.74999999999973,-131.59999999999968,0.6259601143939915,0.15,0,out_of_energy,0,0,1,0,87,6,0,0,1,42,0.5739202952808806,20.47714794514067,0.0,0.0,0.99,8,exponential
q_learning,shaped_seed2,shaped,2,3d29f3ca91,235,225,-110.24999999999962,-131.3049999999997,0.6247081941652035,0.15,0,out_of_energy,0,0,1,0,79,0,0,0,0,34,0.4589100651893866,20.4152449825228,0.0,0.0,0.99,8,exponential
q_learning,shaped_seed2,shaped,2,3d29f3ca91,236,225,-122.74999999999962,-131.26499999999967,0.6234587777768731,0.15,0,out_of_energy,0,0,1,0,81,9,0,0,1,46,0.6821449577577067,17.78153508300848,0.0,0.0,0.99,8,exponential
q_learning,shaped_seed2,shaped,2,3d29f3ca91,237,225,-117.24999999999964,-130.6999999999997,0.6222118602213194,0.15,0,out_of_energy,0,0,1,0,65,4,0,0,0,40,0.5111512911774286,18.293657155197643,0.0,0.0,0.99,8,exponential
q_learning,shaped_seed2,shaped,2,3d29f3ca91,238,225,-142.24999999999955,-130.70499999999967,0.6209674365008767,0.15,0,out_of_energy,0,0,1,0,103,5,0,0,0,36,0.533483202530913,19.5174871208271,0.0,0.0,0.99,8,exponential
q_learning,shaped_seed2,shaped,2,3d29f3ca91,239,225,-134.24999999999957,-130.50499999999968,0.619725501627875,0.15,0,out_of_energy,0,0,1,0,91,5,0,0,0,29,0.5724125322048642,17.888915740733708,0.0,0.0,0.99,8,exponential
q_learning,shaped_seed2,shaped,2,3d29f3ca91,240,225,-128.74999999999955,-130.52499999999966,0.6184860506246193,0.15,0,out_of_energy,0,0,1,0,82,6,0,0,0,40,0.5994649728123002,18.68508342089619,0.0,0.0,0.99,8,exponential
q_learning,shaped_seed2,shaped,2,3d29f3ca91,241,225,-139.74999999999952,-130.62999999999968,0.61724907852337,0.15,0,out_of_energy,0,0,1,0,78,6,0,0,0,37,0.6175507662008167,19.58377744788919,0.0,0.0,0.99,8,exponential
q_learning,shaped_seed2,shaped,2,3d29f3ca91,242,225,-126.24999999999956,-130.31499999999969,0.6160145803663232,0.15,0,out_of_energy,0,0,1,0,92,8,0,0,1,44,0.8023856102601316,20.4576433125,0.0,0.0,0.99,8,exponential
q_learning,shaped_seed2,shaped,2,3d29f3ca91,243,225,-106.24999999999966,-130.19499999999968,0.6147825512055906,0.15,0,out_of_energy,0,0,1,0,79,2,0,0,0,49,0.5326747341536139,17.208448377552553,0.0,0.0,0.99,8,exponential
q_learning,shaped_seed2,shaped,2,3d29f3ca91,244,225,-114.24999999999966,-130.2199999999997,0.6135529861031793,0.15,0,out_of_energy,0,0,1,0,75,3,0,0,0,41,0.5173859589721844,19.751854000323156,0.0,0.0,0.99,8,exponential
q_learning,shaped_seed2,shaped,2,3d29f3ca91,245,225,-113.7499999999996,-129.9699999999997,0.612325880130973,0.15,0,out_of_energy,0,0,1,0,82,0,0,0,0,38,0.4629058996676311,20.094793957520643,0.0,0.0,0.99,8,exponential
q_learning,shaped_seed2,shaped,2,3d29f3ca91,246,225,-149.74999999999966,-130.14999999999966,0.611101228370711,0.15,0,out_of_energy,0,0,1,0,82,10,0,0,0,45,0.6319479209465252,16.56193592324829,0.0,0.0,0.99,8,exponential
q_learning,shaped_seed2,shaped,2,3d29f3ca91,247,225,-110.74999999999959,-129.97999999999968,0.6098790259139696,0.15,0,out_of_energy,0,0,1,0,74,4,0,0,0,44,0.5515137721116911,17.662356420963896,0.0,0.0,0.99,8,exponential
q_learning,shaped_seed2,shaped,2,3d29f3ca91,248,225,-142.24999999999963,-129.91999999999967,0.6086592678621416,0.15,0,out_of_energy,0,0,1,0,86,11,0,0,1,45,0.719731822873049,19.960873614902322,0.0,0.0,0.99,8,exponential
q_learning,shaped_seed2,shaped,2,3d29f3ca91,249,225,-167.2500000000001,-130.44499999999968,0.6074419493264174,0.15,0,out_of_energy,0,0,1,0,75,12,0,0,0,45,0.6000275359249554,19.857860363211532,0.0,0.0,0.99,8,exponential
q_learning,shaped_seed2,shaped,2,3d29f3ca91,250,225,-133.74999999999963,-130.25499999999968,0.6062270654277645,0.15,0,out_of_energy,0,0,1,0,98,4,0,0,0,47,0.5541458110493739,16.167007582765603,0.0,0.0,0.99,8,exponential
q_learning,shaped_seed2,shaped,2,3d29f3ca91,251,225,-133.24999999999974,-130.03999999999968,0.6050146112969089,0.15,0,out_of_energy,0,0,1,0,77,8,0,0,0,37,0.5592553586289626,17.567662054694186,0.0,0.0,0.99,8,exponential
q_learning,shaped_seed2,shaped,2,3d29f3ca91,252,225,-118.74999999999972,-129.8449999999997,0.6038045820743151,0.15,0,out_of_energy,0,0,1,0,80,5,0,0,0,43,0.5894831588612377,20.892500000000002,0.0,0.0,0.99,8,exponential
q_learning,shaped_seed2,shaped,2,3d29f3ca91,253,225,-106.24999999999966,-129.73499999999967,0.6025969729101665,0.15,0,out_of_energy,0,0,1,0,75,3,0,0,0,45,0.5335166895349838,16.749308782633747,0.0,0.0,0.99,8,exponential
q_learning,shaped_seed2,shaped,2,3d29f3ca91,254,225,-106.24999999999976,-129.29999999999967,0.6013917789643461,0.15,0,out_of_energy,0,0,1,0,70,7,0,0,1,38,0.5950153981573227,19.66676327982398,0.0,0.0,0.99,8,exponential
q_learning,shaped_seed2,shaped,2,3d29f3ca91,255,225,-140.74999999999955,-129.19999999999968,0.6001889954064175,0.15,0,out_of_energy,0,0,1,0,96,6,0,0,0,43,0.6227822513933879,18.57986077316484,0.0,0.0,0.99,8,exponential
q_learning,shaped_seed2,shaped,2,3d29f3ca91,256,225,-122.7499999999995,-129.00499999999968,0.5989886174156046,0.15,0,out_of_energy,0,0,1,0,78,6,0,0,0,50,0.6689094353428171,15.792881657190112,0.0,0.0,0.99,8,exponential
q_learning,shaped_seed2,shaped,2,3d29f3ca91,257,225,-142.74999999999946,-128.81499999999969,0.5977906401807734,0.15,0,out_of_energy,0,0,1,0,81,13,0,0,1,47,0.7540389193750804,18.984264562535497,0.0,0.0,0.99,8,exponential
q_learning,shaped_seed2,shaped,2,3d29f3ca91,258,225,-111.74999999999976,-128.4349999999997,0.5965950589004119,0.15,0,out_of_energy,0,0,1,0,75,8,0,0,1,49,0.7298888269720031,20.5319694945147,0.0,0.0,0.99,8,exponential
q_learning,shaped_seed2,shaped,2,3d29f3ca91,259,225,-95.74999999999966,-127.78999999999968,0.595401868782611,0.15,0,out_of_energy,0,0,1,0,72,1,0,0,0,43,0.45947722464604124,17.722185166456107,0.0,0.0,0.99,8,exponential
q_learning,shaped_seed2,shaped,2,3d29f3ca91,260,225,-112.7499999999996,-127.39999999999968,0.5942110650450458,0.15,0,out_of_energy,0,0,1,0,95,3,0,0,1,44,0.5682506360951427,18.38228389595909,0.0,0.0,0.99,8,exponential
q_learning,shaped_seed2,shaped,2,3d29f3ca91,261,225,-120.74999999999957,-127.28999999999968,0.5930226429149558,0.15,0,out_of_energy,0,0,1,0,86,3,0,0,0,51,0.5321038645861641,18.412420664458615,0.0,0.0,0.99,8,exponential
q_learning,shaped_seed2,shaped,2,3d29f3ca91,262,225,-98.74999999999966,-127.07499999999968,0.5918365976291259,0.15,0,out_of_energy,0,0,1,0,72,2,0,0,0,42,0.48637298467566564,16.338485778789078,0.0,0.0,0.99,8,exponential
q_learning,shaped_seed2,shaped,2,3d29f3ca91,263,225,-104.24999999999964,-126.96999999999967,0.5906529244338676,0.15,0,out_of_energy,0,0,1,0,73,0,0,0,0,41,0.41731985270664435,19.966261187265335,0.0,0.0,0.99,8,exponential
q_learning,shaped_seed2,shaped,2,3d29f3ca91,264,225,-153.24999999999986,-127.19999999999968,0.5894716185849999,0.15,0,out_of_energy,0,0,1,0,81,11,0,0,0,46,0.6965444279077403,17.31783664544921,0.0,0.0,0.99,8,exponential
q_learning,shaped_seed2,shaped,2,3d29f3ca91,265,225,-131.24999999999955,-127.20499999999967,0.5882926753478298,0.15,0,out_of_energy,0,0,1,0,84,10,0,0,1,43,0.7079660049509119,16.952174070337495,0.0,0.0,0.99,8,exponential
q_learning,shaped_seed2,shaped,2,3d29f3ca91,266,225,-110.24999999999959,-126.95499999999967,0.5871160899971342,0.15,0,out_of_energy,0,0,1,0,79,0,0,0,0,42,0.5062004154100369,19.292821172029726,0.0,0.0,0.99,8,exponential
q_learning,shaped_seed2,shaped,2,3d29f3ca91,267,225,-116.7499999999996,-126.85499999999968,0.5859418578171399,0.15,0,out_of_energy,0,0,1,0,90,2,0,0,0,44,0.5315830895813143,15.860322766149931,0.0,0.0,0.99,8,exponential
q_learning,shaped_seed2,shaped,2,3d29f3ca91,268,225,-128.7499999999996,-126.52499999999968,0.5847699741015057,0.15,0,out_of_energy,0,0,1,0,72,5,0,0,0,48,0.5397397607884296,19.076180364861298,0.0,0.0,0.99,8,exponential
q_learning,shaped_seed2,shaped,2,3d29f3ca91,269,225,-106.74999999999964,-126.01999999999967,0.5836004341533026,0.15,0,out_of_energy,0,0,1,0,80,2,0,0,0,52,0.6321715997225834,16.687496485298876,0.0,0.0,0.99,8,exponential
q_learning,shaped_seed2,shaped,2,3d29f3ca91,270,225,-130.74999999999963,-125.59499999999967,0.5824332332849961,0.15,0,out_of_energy,0,0,1,0,88,5,0,0,0,39,0.5266955553271655,17.381649239089143,0.0,0.0,0.99,8,exponential
q_learning,shaped_seed2,shaped,2,3d29f3ca91,271,225,-100.74999999999964,-125.33999999999968,0.5812683668184261,0.15,0,out_of_energy,0,0,1,0,68,3,0,0,0,45,0.5604126910812811,17.45016164675786,0.0,0.0,0.99,8,exponential
q_learning,shaped_seed2,shaped,2,3d29f3ca91,272,225,-135.24999999999963,-125.45499999999967,0.5801058300847892,0.15,0,out_of_energy,0,0,1,0,67,10,0,0,0,46,0.6838669663332735,16.82487359455093,0.0,0.0,0.99,8,exponential
q_learning,shaped_seed2,shaped,2,3d29f3ca91,273,225,-119.24999999999963,-125.29499999999967,0.5789456184246197,0.15,0,out_of_energy,0,0,1,0,83,1,0,0,0,43,0.4945154049648364,19.600238334616943,0.0,0.0,0.99,8,exponential
q_learning,shaped_seed2,shaped,2,3d29f3ca91,274,225,-98.24999999999969,-124.66999999999967,0.5777877271877704,0.15,0,out_of_energy,0,0,1,0,69,1,0,0,0,32,0.5060060944737318,19.82241880242905,0.0,0.0,0.99,8,exponential
q_learning,shaped_seed2,shaped,2,3d29f3ca91,275,225,-105.24999999999963,-123.90499999999966,0.5766321517333949,0.15,0,out_of_energy,0,0,1,0,75,0,0,0,0,54,0.5019048847977032,18.048681034976262,0.0,0.0,0.99,8,exponential
q_learning,shaped_seed2,shaped,2,3d29f3ca91,276,225,-155.24999999999972,-124.26499999999966,0.5754788874299281,0.15,0,out_of_energy,0,0,1,0,81,9,0,0,0,46,0.6032815558140825,16.11656705947514,0.0,0.0,0.99,8,exponential
q_learning,shaped_seed2,shaped,2,3d29f3ca91,277,225,-149.24999999999966,-124.62999999999965,0.5743279296550683,0.15,0,out_of_energy,0,0,1,0,71,9,0,0,0,40,0.5228629854073684,19.75720612954742,0.0,0.0,0.99,8,exponential
q_learning,shaped_seed2,shaped,2,3d29f3ca91,278,225,-125.74999999999953,-124.71999999999967,0.5731792737957582,0.15,0,out_of_energy,0,0,1,0,86,4,0,0,0,50,0.5496805612067428,17.504588044345333,0.0,0.0,0.99,8,exponential
q_learning,shaped_seed2,shaped,2,3d29f3ca91,279,225,-107.74999999999973,-124.55999999999966,0.5720329152481667,0.15,0,out_of_energy,0,0,1,0,85,6,0,0,1,44,0.8098376664611626,20.55,0.0,0.0,0.99,8,exponential
q_learning,shaped_seed2,shaped,2,3d29f3ca91,280,225,-127.24999999999959,-124.46999999999966,0.5708888494176704,0.15,0,out_of_energy,0,0,1,0,96,7,0,0,1,57,0.7800254602441298,20.387171932048997,0.0,0.0,0.99,8,exponential
q_learning,shaped_seed2,shaped,2,3d29f3ca91,281,225,-122.74999999999966,-124.35499999999965,0.569747071718835,0.15,0,out_of_energy,0,0,1,0,80,4,0,0,0,48,0.6608028891449091,20.47996825093229,0.0,0.0,0.99,8,exponential
q_learning,shaped_seed2,shaped,2,3d29f3ca91,282,225,-123.7499999999996,-124.23499999999966,0.5686075775753973,0.15,0,out_of_energy,0,0,1,0,68,6,0,0,0,44,0.5366176915868127,17.83646438128769,0.0,0.0,0.99,8,exponential
q_learning,shaped_seed2,shaped,2,3d29f3ca91,283,225,-120.24999999999963,-123.93999999999966,0.5674703624202465,0.15,0,out_of_energy,0,0,1,0,79,2,0,0,0,38,0.4579050211771549,18.85680885414255,0.0,0.0,0.99,8,exponential
q_learning,shaped_seed2,shaped,2,3d29f3ca91,284,225,-112.74999999999963,-123.89999999999965,0.5663354216954061,0.15,0,out_of_energy,0,0,1,0,82,0,0,0,0,49,0.474555307803446,15.010165235697936,0.0,0.0,0.99,8,exponential
q_learning,shaped_seed2,shaped,2,3d29f3ca91,285,225,-118.2499999999996,-123.71999999999963,0.5652027508520152,0.15,0,out_of_energy,0,0,1,0,73,3,0,0,0,36,0.4194046543814673,17.575002269612874,0.0,0.0,0.99,8,exponential
q_learning,shaped_seed2,shaped,2,3d29f3ca91,286,225,-107.74999999999969,-123.64999999999964,0.5640723453503111,0.15,0,out_of_energy,0,0,1,0,78,0,0,0,0,42,0.478178837577012,17.410975670832787,0.0,0.0,0.99,8,exponential
q_learning,shaped_seed2,shaped,2,3d29f3ca91,287,225,-124.24999999999946,-123.65499999999963,0.5629442006596105,0.15,0,out_of_energy,0,0,1,0,84,8,0,0,1,48,0.7091443514374919,20.40552509713438,0.0,0.0,0.99,8,exponential
q_learning,shaped_seed2,shaped,2,3d29f3ca91,288,225,-125.24999999999949,-123.81999999999964,0.5618183122582913,0.15,0,out_of_energy,0,0,1,0,79,3,0,0,0,40,0.5071696558030977,17.793538609765093,0.0,0.0,0.99,8,exponential
q_learning,shaped_seed2,shaped,2,3d29f3ca91,289,225,-103.24999999999967,-123.35999999999966,0.5606946756337747,0.15,0,out_of_energy,0,0,1,0,90,3,0,0,1,59,0.6915363461718977,19.800723346792708,0.0,0.0,0.99,8,exponential
q_learning,shaped_seed2,shaped,2,3d29f3ca91,290,225,-116.74999999999957,-123.00499999999965,0.5595732862825071,0.15,0,out_of_energy,0,0,1,0,86,0,0,0,0,42,0.49882919507955453,19.250247501443774,0.0,0.0,0.99,8,exponential
q_learning,shaped_seed2,shaped,2,3d29f3ca91,291,225,-100.24999999999969,-122.16999999999966,0.5584541397099421,0.15,0,out_of_energy,0,0,1,0,71,0,0,0,0,42,0.451604375487126,17.31428220946686,0.0,0.0,0.99,8,exponential
q_learning,shaped_seed2,shaped,2,3d29f3ca91,292,225,-124.24999999999957,-122.15999999999964,0.5573372314305222,0.15,0,out_of_energy,0,0,1,0,65,8,0,0,0,47,0.6017732258701187,17.32474911782683,0.0,0.0,0.99,8,exponential
q_learning,shaped_seed2,shaped,2,3d29f3ca91,293,225,-130.74999999999946,-122.11999999999965,0.5562225569676611,0.15,0,out_of_energy,0,0,1,0,68,6,0,0,0,41,0.6185447502045441,19.816772841074553,0.0,0.0,0.99,8,exponential
q_learning,shaped_seed2,shaped,2,3d29f3ca91,294,225,-113.74999999999962,-122.21999999999963,0.5551101118537257,0.15,0,out_of_energy,0,0,1,0,80,3,0,0,0,36,0.5271112489652446,16.626382936802152,0.0,0.0,0.99,8,exponential
q_learning,shaped_seed2,shaped,2,3d29f3ca91,295,225,-128.74999999999966,-122.41999999999967,0.5539998916300183,0.15,0,out_of_energy,0,0,1,0,91,7,0,0,1,42,0.6558483910067172,18.76048522509314,0.0,0.0,0.99,8,exponential
q_learning,shaped_seed2,shaped,2,3d29f3ca91,296,225,-93.74999999999967,-122.10999999999963,0.5528918918467582,0.15,0,out_of_energy,0,0,1,0,78,0,0,0,0,40,0.5292741327368322,16.276437191462616,0.0,0.0,0.99,8,exponential
q_learning,shaped_seed2,shaped,2,3d29f3ca91,297,225,-129.24999999999972,-122.21499999999965,0.5517861080630647,0.15,0,out_of_energy,0,0,1,0,75,6,0,0,0,56,0.6692778016048164,20.661290158169592,0.0,0.0,0.99,8,exponential
q_learning,shaped_seed2,shaped,2,3d29f3ca91,298,225,-113.24999999999959,-122.13999999999963,0.5506825358469386,0.15,0,out_of_energy,0,0,1,0,77,1,0,0,0,42,0.45628715901830785,18.3761631095332,0.0,0.0,0.99,8,exponential
q_learning,shaped_seed2,shaped,2,3d29f3ca91,299,225,-146.24999999999966,-122.53499999999966,0.5495811707752447,0.15,0,out_of_energy,0,0,1,0,76,14,0,0,1,46,0.8419715959225154,19.968192746652964,0.0,0.0,0.99,8,exponential
q_learning,shaped_seed2,shaped,2,3d29f3ca91,300,225,-93.24999999999966,-122.11999999999965,0.5484820084336942,0.15,0,out_of_energy,0,0,1,0,80,2,0,0,1,47,0.6219315896960675,18.197658251702443,0.0,0.0,0.99,8,exponential
