episode,update,state,action,reward,next_state,done,q_old,q_new,td_error,alpha,gamma,epsilon
3,500,"(8, 1, 0, 176)",0,-4.55,"(7, 1, 0, 175)",0,-0.672476,-1.234072,-3.743974,0.15,0.99,0.996004
5,1000,"(15, 1, 0, 126)",3,0.45,"(14, 1, 0, 125)",0,0.0,0.077524,0.516825,0.15,0.99,0.992024
7,1500,"(2, 3, 0, 76)",3,-1.05,"(2, 3, 0, 75)",0,0.0,-0.1575,-1.05,0.15,0.99,0.98806
9,2000,"(3, 12, 0, 26)",2,-1.05,"(3, 12, 0, 25)",0,0.0,-0.1575,-1.05,0.15,0.99,0.984112
12,2500,"(3, 1, 0, 201)",1,0.45,"(3, 2, 0, 200)",0,0.286177,0.331004,0.298846,0.15,0.99,0.978219
14,3000,"(1, 1, 0, 151)",2,0.45,"(2, 1, 0, 150)",0,0.39865,0.430497,0.212309,0.15,0.99,0.97431
16,3500,"(1, 6, 0, 101)",3,-0.55,"(1, 5, 0, 100)",0,-0.130981,-0.17881,-0.318863,0.15,0.99,0.970416
18,4000,"(1, 4, 0, 51)",2,-6.05,"(1, 4, 0, 50)",0,-2.001632,-2.621139,-4.130043,0.15,0.99,0.966539
20,4500,"(11, 1, 0, 1)",3,-21.05,"(11, 1, 0, 0)",1,-0.291375,-3.405169,-20.758625,0.15,0.99,0.962676
23,5000,"(1, 7, 0, 176)",2,-1.05,"(1, 7, 0, 175)",0,0.0675,-0.090101,-1.050675,0.15,0.99,0.956912
25,5500,"(5, 3, 0, 126)",0,0.45,"(4, 3, 0, 125)",0,0.088835,0.132364,0.290194,0.15,0.99,0.953088
27,6000,"(4, 11, 0, 76)",1,-1.05,"(4, 11, 0, 75)",0,0.0,-0.1575,-1.05,0.15,0.99,0.949279
29,6500,"(9, 8, 0, 26)",0,-1.05,"(9, 8, 0, 25)",0,0.0,-0.147476,-0.983175,0.15,0.99,0.945486
32,7000,"(3, 2, 0, 201)",2,-1.05,"(3, 2, 0, 200)",0,-0.574774,-0.611181,-0.242717,0.15,0.99,0.939825
34,7500,"(1, 1, 0, 151)",0,-1.05,"(1, 1, 0, 150)",0,-0.640429,-0.670777,-0.202321,0.15,0.99,0.936069
36,8000,"(11, 2, 0, 101)",1,-0.55,"(11, 3, 0, 100)",0,0.0,-0.072476,-0.483175,0.15,0.99,0.932328
38,8500,"(9, 3, 0, 51)",3,0.45,"(9, 2, 0, 50)",0,0.156831,0.207071,0.334931,0.15,0.99,0.928603
40,9000,"(5, 4, 0, 1)",3,-19.55,"(5, 3, 0, 0)",1,-2.655167,-5.189392,-16.894833,0.15,0.99,0.924892
43,9500,"(11, 2, 0, 176)",0,-1.05,"(11, 2, 0, 175)",0,0.0675,-0.081581,-0.993874,0.15,0.99,0.919354
45,10000,"(1, 8, 0, 126)",0,-1.05,"(1, 8, 0, 125)",0,-0.347386,-0.449183,-0.678646,0.15,0.99,0.91568
47,10500,"(4, 3, 0, 76)",1,0.45,"(3, 3, 0, 75)",0,-0.361897,-0.182273,1.197494,0.15,0.99,0.912021
49,11000,"(1, 10, 0, 26)",0,-1.05,"(1, 10, 0, 25)",0,-0.470832,-0.526254,-0.369483,0.15,0.99,0.908377
52,11500,"(3, 3, 0, 201)",2,-1.05,"(3, 3, 0, 200)",0,-0.368514,-0.449411,-0.539316,0.15,0.99,0.902937
54,12000,"(9, 5, 0, 151)",0,0.45,"(8, 5, 0, 150)",0,0.254216,0.293607,0.262609,0.15,0.99,0.899329
56,12500,"(5, 7, 0, 101)",1,-1.05,"(5, 7, 0, 100)",0,0.189741,0.046562,-0.954523,0.15,0.99,0.895735
58,13000,"(3, 9, 0, 51)",3,0.45,"(3, 8, 0, 50)",0,0.268297,0.355084,0.578585,0.15,0.99,0.892156
60,13500,"(9, 13, 0, 1)",1,-21.05,"(9, 13, 0, 0)",1,-0.1575,-3.291375,-20.8925,0.15,0.99,0.888591
63,14000,"(1, 5, 0, 176)",0,-1.05,"(1, 5, 0, 175)",0,-0.461812,-0.499612,-0.252004,0.15,0.99,0.88327
65,14500,"(3, 2, 0, 126)",1,-1.05,"(3, 2, 0, 125)",0,-0.06679,-0.22419,-1.049332,0.15,0.99,0.879741
67,15000,"(5, 3, 0, 76)",2,-1.05,"(5, 3, 0, 75)",0,-0.320525,-0.398303,-0.518523,0.15,0.99,0.876225
69,15500,"(3, 13, 0, 26)",3,0.45,"(3, 12, 0, 25)",0,0.143722,0.226838,0.554108,0.15,0.99,0.872724
72,16000,"(2, 1, 0, 201)",1,-1.05,"(2, 1, 0, 200)",0,0.478465,0.408624,-0.46561,0.15,0.99,0.867498
74,16500,"(4, 3, 0, 151)",0,0.45,"(3, 3, 0, 150)",0,-0.047868,-0.019611,0.188382,0.15,0.99,0.864031
76,17000,"(4, 3, 0, 101)",2,-0.55,"(5, 3, 0, 100)",0,-0.258197,-0.244376,0.092143,0.15,0.99,0.860579
78,17500,"(3, 2, 0, 51)",0,-1.05,"(3, 2, 0, 50)",0,-0.61587,-0.634329,-0.123058,0.15,0.99,0.85714
80,18000,"(3, 15, 0, 1)",0,-21.05,"(3, 15, 0, 0)",1,-0.2776,-3.39346,-20.7724,0.15,0.99,0.853715
83,18500,"(3, 1, 0, 176)",1,-0.55,"(2, 1, 0, 175)",0,0.443051,0.416941,-0.174069,0.15,0.99,0.848603
85,19000,"(5, 3, 0, 126)",0,0.45,"(4, 3, 0, 125)",0,0.36493,0.36581,0.005866,0.15,0.99,0.845212
87,19500,"(2, 3, 0, 76)",2,-1.05,"(2, 3, 0, 75)",0,-0.638996,-0.795537,-1.04361,0.15,0.99,0.841834
89,20000,"(1, 10, 0, 26)",0,-1.05,"(1, 10, 0, 25)",0,-3.23543,-2.886338,2.327284,0.15,0.99,0.83847
92,20500,"(2, 1, 0, 201)",0,-0.55,"(1, 1, 0, 200)",0,0.355751,0.373875,0.120829,0.15,0.99,0.833449
94,21000,"(3, 1, 0, 151)",2,-0.55,"(4, 1, 0, 150)",0,-0.32729,-0.289436,0.25236,0.15,0.99,0.830119
96,21500,"(3, 3, 0, 101)",1,-1.05,"(3, 3, 0, 100)",0,-0.991445,-1.026128,-0.231225,0.15,0.99,0.826802
98,22000,"(5, 8, 0, 51)",1,0.45,"(5, 9, 0, 50)",0,0.253959,0.346531,0.617146,0.15,0.99,0.823498
100,22500,"(5, 15, 0, 1)",0,-21.05,"(5, 15, 0, 0)",1,-0.606322,-3.672874,-20.443678,0.15,0.99,0.820207
103,23000,"(2, 5, 0, 176)",3,-1.05,"(2, 5, 0, 175)",0,-0.851898,-0.825113,0.178562,0.15,0.99,0.815296
105,23500,"(4, 1, 0, 126)",0,0.45,"(3, 1, 0, 125)",0,0.258714,0.286463,0.184989,0.15,0.99,0.812038
107,24000,"(3, 13, 0, 76)",3,0.45,"(3, 12, 0, 75)",0,0.085456,0.12609,0.270897,0.15,0.99,0.808793
109,24500,"(2, 1, 0, 26)",0,-1.05,"(2, 1, 0, 25)",0,-0.806748,-0.786064,0.13789,0.15,0.99,0.805561
112,25000,"(4, 1, 0, 201)",1,-1.05,"(4, 1, 0, 200)",0,0.032561,-0.001097,-0.224384,0.15,0.99,0.800737
114,25500,"(2, 1, 0, 151)",0,-0.55,"(1, 1, 0, 150)",0,-0.186805,-0.162274,0.163543,0.15,0.99,0.797538
116,26000,"(3, 2, 0, 101)",0,-0.55,"(3, 1, 0, 100)",0,-0.772869,-0.691551,0.542116,0.15,0.99,0.794351
118,26500,"(3, 7, 0, 51)",1,-0.55,"(3, 8, 0, 50)",0,-0.175905,-0.113498,0.416045,0.15,0.99,0.791176
120,27000,"(3, 11, 0, 1)",1,-20.55,"(3, 12, 0, 0)",1,-2.049433,-4.824518,-18.500567,0.15,0.99,0.788015
123,27500,"(3, 3, 0, 176)",3,-0.55,"(3, 2, 0, 175)",0,-1.041938,-1.073503,-0.210437,0.15,0.99,0.783296
125,28000,"(1, 4, 0, 126)",1,0.45,"(1, 5, 0, 125)",0,-0.168718,0.008166,1.179224,0.15,0.99,0.780166
127,28500,"(3, 2, 0, 76)",3,-0.55,"(3, 1, 0, 75)",0,-0.231971,-0.20663,0.168939,0.15,0.99,0.777049
129,29000,"(1, 15, 0, 26)",2,0.45,"(2, 15, 0, 25)",0,0.280723,0.275543,-0.034533,0.15,0.99,0.773944
132,29500,"(3, 1, 0, 201)",1,0.45,"(3, 2, 0, 200)",0,0.147219,0.135256,-0.079755,0.15,0.99,0.769309
134,30000,"(5, 5, 0, 151)",2,-1.05,"(5, 5, 0, 150)",0,-0.276729,-0.346984,-0.468365,0.15,0.99,0.766235
136,30500,"(5, 3, 0, 101)",0,0.45,"(4, 3, 0, 100)",0,0.076881,0.090586,0.091365,0.15,0.99,0.763173
138,31000,"(4, 3, 0, 51)",1,0.45,"(3, 3, 0, 50)",0,-0.900162,-0.753307,0.979034,0.15,0.99,0.760123
140,31500,"(3, 13, 0, 1)",0,-21.05,"(3, 13, 0, 0)",1,-1.896565,-4.76958,-19.153435,0.15,0.99,0.757086
143,32000,"(3, 2, 0, 176)",0,-1.05,"(3, 2, 0, 175)",0,-1.572062,-1.662551,-0.603257,0.15,0.99,0.752553
145,32500,"(5, 12, 0, 126)",2,-1.05,"(5, 12, 0, 125)",0,0.0,-0.1575,-1.05,0.15,0.99,0.749545
147,33000,"(3, 2, 0, 76)",1,0.45,"(3, 3, 0, 75)",0,-0.4927,-0.453833,0.259116,0.15,0.99,0.74655
149,33500,"(5, 14, 0, 26)",2,-1.05,"(5, 14, 0, 25)",0,-1.451709,-1.431915,0.131959,0.15,0.99,0.743567
152,34000,"(1, 3, 0, 201)",2,-0.55,"(2, 3, 0, 200)",0,-2.432329,-2.369944,0.415901,0.15,0.99,0.739115
154,34500,"(3, 3, 0, 151)",3,-0.55,"(3, 2, 0, 150)",0,-1.422074,-1.435999,-0.092838,0.15,0.99,0.736161
156,35000,"(2, 1, 0, 101)",2,0.45,"(3, 1, 0, 100)",0,0.241097,0.244583,0.023242,0.15,0.99,0.733219
158,35500,"(1, 7, 0, 51)",0,-1.05,"(1, 7, 0, 50)",0,-0.527255,-0.489595,0.251065,0.15,0.99,0.730289
160,36000,"(1, 6, 0, 1)",1,-21.05,"(1, 6, 0, 0)",1,-1.56301,-4.486058,-19.48699,0.15,0.99,0.727371
163,36500,"(1, 9, 0, 176)",1,0.45,"(1, 10, 0, 175)",0,0.382969,0.394081,0.074078,0.15,0.99,0.723016
165,37000,"(3, 14, 0, 126)",1,-0.55,"(3, 15, 0, 125)",0,-0.308635,-0.338221,-0.197243,0.15,0.99,0.720126
167,37500,"(1, 9, 0, 76)",0,-1.05,"(1, 9, 0, 75)",0,-0.528491,-0.514749,0.091612,0.15,0.99,0.717249
169,38000,"(5, 1, 0, 26)",2,-0.55,"(6, 1, 0, 25)",0,-0.607216,-0.586077,0.140931,0.15,0.99,0.714383
172,38500,"(3, 2, 0, 201)",1,0.45,"(3, 3, 0, 200)",0,-0.99275,-0.976595,0.107699,0.15,0.99,0.710105
174,39000,"(4, 3, 0, 151)",3,0.45,"(3, 3, 0, 150)",0,-1.816564,-1.742029,0.4969,0.15,0.99,0.707267
176,39500,"(5, 5, 0, 101)",3,0.45,"(5, 4, 0, 100)",0,0.612949,0.612612,-0.002243,0.15,0.99,0.704441
178,40000,"(3, 3, 0, 51)",0,0.45,"(2, 3, 0, 50)",0,-1.020923,-1.049374,-0.189676,0.15,0.99,0.701626
180,40500,"(5, 5, 0, 1)",1,-20.55,"(5, 6, 0, 0)",1,-0.77389,-3.740307,-19.77611,0.15,0.99,0.698823
183,41000,"(5, 5, 0, 176)",1,-1.05,"(5, 5, 0, 175)",0,-0.195729,-0.315002,-0.795156,0.15,0.99,0.694638
185,41500,"(2, 3, 0, 126)",2,-0.55,"(3, 3, 0, 125)",0,-2.405156,-2.395879,0.061852,0.15,0.99,0.691862
187,42000,"(5, 14, 0, 76)",2,-1.05,"(5, 14, 0, 75)",0,-0.352582,-0.469988,-0.782706,0.15,0.99,0.689098
189,42500,"(3, 1, 0, 26)",2,-0.55,"(4, 1, 0, 25)",0,-1.638025,-1.672953,-0.232856,0.15,0.99,0.686344
192,43000,"(6, 3, 0, 201)",0,0.45,"(5, 3, 0, 200)",0,-0.091643,-0.091354,0.001932,0.15,0.99,0.682234
194,43500,"(2, 3, 0, 151)",0,0.45,"(1, 3, 0, 150)",0,-2.415624,-2.438954,-0.155539,0.15,0.99,0.679508
196,44000,"(4, 1, 0, 101)",0,0.45,"(3, 1, 0, 100)",0,-0.309873,-0.279929,0.199623,0.15,0.99,0.676793
198,44500,"(7, 15, 0, 51)",3,-6.05,"(7, 15, 0, 50)",0,-2.332164,-2.947482,-4.10212,0.15,0.99,0.674088
200,45000,"(1, 4, 0, 1)",0,-26.05,"(1, 4, 0, 0)",1,-6.062491,-9.060617,-19.987509,0.15,0.99,0.671394
203,45500,"(3, 1, 0, 176)",0,-0.55,"(2, 1, 0, 175)",0,-1.119292,-1.120877,-0.010566,0.15,0.99,0.667374
205,46000,"(3, 3, 0, 126)",2,-1.05,"(3, 3, 0, 125)",0,-2.148618,-2.302895,-1.028514,0.15,0.99,0.664707
207,46500,"(4, 3, 0, 76)",3,-1.05,"(4, 3, 0, 75)",0,-1.561195,-1.611947,-0.338346,0.15,0.99,0.662051
209,47000,"(1, 15, 0, 26)",2,0.45,"(2, 15, 0, 25)",0,-2.460511,-2.028833,2.877855,0.15,0.99,0.659406
212,47500,"(5, 3, 0, 201)",2,-1.05,"(5, 3, 0, 200)",0,-0.692433,-0.848894,-1.043076,0.15,0.99,0.655457
214,48000,"(3, 1, 0, 151)",3,-1.05,"(3, 1, 0, 150)",0,-1.967872,-2.029523,-0.41101,0.15,0.99,0.652838
216,48500,"(3, 1, 0, 101)",3,-1.05,"(3, 1, 0, 100)",0,-1.334536,-1.410352,-0.505442,0.15,0.99,0.650229
218,49000,"(5, 4, 0, 51)",3,0.45,"(5, 3, 0, 50)",0,-0.41924,-0.376759,0.283209,0.15,0.99,0.647631
220,49500,"(5, 3, 0, 1)",1,-20.55,"(5, 4, 0, 0)",1,-4.519057,-6.923699,-16.030943,0.15,0.99,0.645043
223,50000,"(3, 3, 0, 176)",3,-0.55,"(3, 2, 0, 175)",0,-2.290785,-2.293435,-0.017668,0.15,0.99,0.64118
225,50500,"(2, 15, 0, 126)",0,-0.55,"(1, 15, 0, 125)",0,-0.231893,-0.192621,0.261815,0.15,0.99,0.638618
227,51000,"(3, 3, 0, 76)",2,-0.55,"(4, 3, 0, 75)",0,-1.553666,-1.586977,-0.22207,0.15,0.99,0.636066
229,51500,"(2, 5, 0, 26)",3,-1.05,"(2, 5, 0, 25)",0,-1.222677,-1.359874,-0.914644,0.15,0.99,0.633524
232,52000,"(4, 1, 0, 201)",1,0.45,"(3, 1, 0, 200)",0,-1.704102,-1.577164,0.846251,0.15,0.99,0.629731
234,52500,"(3, 3, 0, 151)",2,-0.55,"(3, 2, 0, 150)",0,-2.357024,-2.371856,-0.098881,0.15,0.99,0.627215
236,53000,"(3, 15, 0, 101)",1,-1.05,"(3, 15, 0, 100)",0,-0.42161,-0.411153,0.069717,0.15,0.99,0.624708
238,53500,"(10, 1, 0, 51)",0,0.45,"(9, 1, 0, 50)",0,-0.203966,-0.148452,0.370091,0.15,0.99,0.622212
240,54000,"(1, 12, 0, 1)",3,-21.05,"(1, 12, 0, 0)",1,-2.281002,-5.096352,-18.768998,0.15,0.99,0.619726
243,54500,"(3, 3, 0, 176)",2,-0.55,"(4, 3, 0, 175)",0,-2.582373,-2.586366,-0.026616,0.15,0.99,0.616015
245,55000,"(5, 4, 0, 126)",3,0.45,"(5, 3, 0, 125)",0,-1.019162,-0.991102,0.187064,0.15,0.99,0.613553
247,55500,"(4, 1, 0, 76)",3,-1.05,"(4, 1, 0, 75)",0,-0.88023,-0.940178,-0.399658,0.15,0.99,0.611101
249,56000,"(2, 1, 0, 26)",2,0.45,"(3, 1, 0, 25)",0,-1.296192,-1.29047,0.038149,0.15,0.99,0.608659
252,56500,"(4, 1, 0, 201)",0,-1.05,"(4, 1, 0, 200)",0,-1.228643,-1.3843,-1.037714,0.15,0.99,0.605015
254,57000,"(6, 3, 0, 151)",0,0.45,"(5, 3, 0, 150)",0,-0.832957,-0.852076,-0.127462,0.15,0.99,0.602597
256,57500,"(5, 4, 0, 101)",2,-1.05,"(5, 4, 0, 100)",0,-1.203568,-1.249731,-0.307749,0.15,0.99,0.600189
258,58000,"(5, 15, 0, 51)",1,-1.05,"(5, 15, 0, 50)",0,-1.889846,-1.925988,-0.240945,0.15,0.99,0.597791
260,58500,"(2, 3, 0, 1)",2,-21.05,"(2, 3, 0, 0)",1,-3.811358,-6.397155,-17.238642,0.15,0.99,0.595402
263,59000,"(1, 8, 0, 176)",0,-0.55,"(1, 7, 0, 175)",0,-0.366674,-0.280955,0.571459,0.15,0.99,0.591837
265,59500,"(4, 3, 0, 126)",3,-1.05,"(4, 3, 0, 125)",0,-3.107462,-3.14652,-0.260386,0.15,0.99,0.589472
267,60000,"(1, 4, 0, 76)",1,0.45,"(1, 5, 0, 75)",0,-1.798921,-1.275859,3.48708,0.15,0.99,0.587116
269,60500,"(3, 2, 0, 26)",1,0.45,"(3, 3, 0, 25)",0,-4.068052,-3.914141,1.026071,0.15,0.99,0.58477
272,61000,"(2, 3, 0, 201)",1,-0.55,"(3, 3, 0, 200)",0,-3.604694,-3.519705,0.566591,0.15,0.99,0.581268
274,61500,"(2, 1, 0, 151)",2,0.45,"(3, 1, 0, 150)",0,-1.681906,-1.652407,0.196663,0.15,0.99,0.578946
276,62000,"(2, 1, 0, 101)",1,-1.05,"(2, 1, 0, 100)",0,-1.179593,-1.247559,-0.453104,0.15,0.99,0.576632
278,62500,"(3, 11, 1, 51)",3,-0.55,"(4, 11, 1, 50)",0,-0.283034,-0.312211,-0.19451,0.15,0.99,0.574328
280,63000,"(4, 11, 1, 1)",0,-19.55,"(3, 11, 1, 0)",1,0.268527,-2.704252,-19.818527,0.15,0.99,0.572033
283,63500,"(3, 2, 0, 176)",0,-1.05,"(3, 2, 0, 175)",0,-3.225022,-3.284345,-0.395486,0.15,0.99,0.568608
285,64000,"(5, 11, 0, 126)",0,-0.55,"(4, 11, 0, 125)",0,-0.297836,-0.267106,0.204867,0.15,0.99,0.566335
287,64500,"(2, 3, 0, 76)",2,-1.05,"(2, 3, 0, 75)",0,-2.819666,-2.972937,-1.021803,0.15,0.99,0.564072
289,65000,"(5, 6, 0, 26)",3,0.45,"(5, 5, 0, 25)",0,-0.440101,-0.583064,-0.953085,0.15,0.99,0.561818
292,65500,"(4, 3, 0, 201)",1,-0.55,"(5, 3, 0, 200)",0,-2.894375,-2.772469,0.812707,0.15,0.99,0.558454
294,66000,"(3, 1, 0, 151)",0,0.45,"(3, 2, 0, 150)",0,-2.228171,-2.235337,-0.047775,0.15,0.99,0.556223
296,66500,"(2, 3, 0, 101)",1,-0.55,"(3, 3, 0, 100)",0,-3.209582,-3.142917,0.444432,0.15,0.99,0.554
298,67000,"(10, 15, 1, 51)",3,-1.05,"(10, 15, 1, 50)",0,-0.6564,-0.790753,-0.895691,0.15,0.99,0.551786
300,67500,"(4, 1, 0, 1)",2,-20.55,"(5, 1, 0, 0)",1,-3.263678,-5.856627,-17.286322,0.15,0.99,0.549581
